tweet_link,created_at,text,retweet_count,reply_count,like_count,quote_count,impression_count,hashtags,mentions
https://twitter.com/fdremoe/status/1649249996393390088,2023-04-21T03:13:35.000Z,https://t.co/ujxC5Z6wqd,1,0,3,0,325,,
https://twitter.com/fdremoe/status/1641340309094146050,2023-03-30T07:23:18.000Z,"Verified twitter account of Jigjiga University

 https://t.co/o4QKTLuWH2",0,1,1,0,499,,
https://twitter.com/fdremoe/status/1626484069071523840,2023-02-17T07:29:55.000Z,"""#Ethiopia joins the urgent appeal for donors to make new funding commitments for #ECW

Prof. Berhanu Nega. Education Cannot Wait (@educannotwait). @BerhanuNegaB  @SamuelKKidane  @fenta_dr https://t.co/A26SbBxNGv",36,20,80,4,7165,"Ethiopia,ECW","EduCannotWait,BerhanuNegaB,SamuelKKidane,fenta_dr"
https://twitter.com/fdremoe/status/1626473841756102656,2023-02-17T06:49:16.000Z,"""#Ethiopia joins the urgent appeal for donors to make new funding commitments for #ECW

Prof. Berhanu Nega. Education Cannot Wait (@educannotwait). https://t.co/M6khP5Fj1s",6,2,22,0,1970,"Ethiopia,ECW",EduCannotWait
https://twitter.com/fdremoe/status/1621532423031865349,2023-02-03T15:33:50.000Z,Ministry of Education and the  Ethiopian Human Rights Commission today have signed a Memorandum of Understanding (MoU) meant to strengthen collaboration between the two  parties towards the inclusion and promotion of human rights issues in both formal and informal education https://t.co/z1yCbuz24y,14,5,39,0,5832,,
https://twitter.com/fdremoe/status/1620021065132179459,2023-01-30T11:28:15.000Z,"#ማስታወቂያ
የሚሰሩ የምርምር ስነ ምግባር ስራዎችን በተመለከተ ተገልጋዮች ባሉበት ቦታ ሆነው “NRERB Research Ethics Review Portal በመጠቀም በኦላይን
 https://t.co/4J35ezoVOE  
ላይ አገልግሎቱን ማግኘት ይችላሉ።

የትምህርት ሚኒስቴር! https://t.co/WKAvr2ytAS",5,0,21,0,1912,ማስታወቂያ,
https://twitter.com/fdremoe/status/1617798992657813505,2023-01-24T08:18:31.000Z,"@ashenafi_meaza Yes,Good luck the iron lady!",0,0,0,0,381,,ashenafi_meaza
https://twitter.com/fdremoe/status/1592553951672827904,2022-11-15T16:23:44.000Z,ጠቅላይ ሚኒስትር ዓብይ አህመድ (ፒኤችዲ) በትምህርት ዘርፍ ምገባ ፣ የትምህርት መሠረተ ልማት ግንባታ፣ የከፍተኛ ትምህርት ተቋማዊ ነጻነትና ሌሎች ስራዎችን  በሚመለከት ከሕዝብ ተወካዮች ምክር ቤት  ለተጠየቁት ጥያቄ የሰጡት ማብራርያ https://t.co/KdZyFpzBD4,2,7,29,0,0,,
https://twitter.com/fdremoe/status/1588459682321944576,2022-11-04T09:14:35.000Z,"The Government of Ethiopia and Organization of Educational Cooperation (OEC) have signed an  agreement to strengthen nationally –led balanced and inclusive education policy implementation.

https://t.co/qbOExR6oSh",2,3,14,0,0,,
https://twitter.com/fdremoe/status/1580839977629650945,2022-10-14T08:36:35.000Z,"የ12ኛ ክፍል ሁለተኛ ዙር ተፈታኞች ከነገ ጀምሮ ወደየተመደቡበት ዩኒቨርስቲ ይገባሉ
------------------
በሁለተኛ ዙር የ2014ዓም. የ12ኛ ክፍል መልቀቂያ ፈተና የሚወስዱ የተፈጥሮ ሳይንስ ተማሪዎች ከነገ ጀምሮ ወደየተመደቡበት ዩኒቨርስቲ የሚገቡ ይሆናል። https://t.co/ChrI6O6Rse",14,5,43,3,0,,
https://twitter.com/fdremoe/status/1578638995571236864,2022-10-08T06:50:40.000Z,"ለመላው የእስልምና እምነት ተከታዮች እንኳን ለመውሊድ በዓል አደረሳችሁ!

በዓሉ የሰላምና ደስታ እንዲሆን እንመኛለን !

ትምህርት ሚኒስቴር ! https://t.co/lU5j3LL5Tx",0,0,11,0,0,,
https://twitter.com/fdremoe/status/1578307295850598400,2022-10-07T08:52:37.000Z,"Menschen fuer Menschen (MfM) in collaboration with Ministry of Education entered into agreement to construct 16 schools with an estimated cost of 300 million Birr.

The primary and secondary levels school  is to be constructed in Afar, Somali, Amhara and Oromia regions. https://t.co/GJWyum2FMO",14,4,35,1,0,,
https://twitter.com/fdremoe/status/1572554841440022528,2022-09-21T11:54:25.000Z,"Ministry of Education , its  Sectors  and Ethiopian Public Universities have donated above 211 million Birr, for the victorious Ethiopian Defence Forces. https://t.co/b0Ug8A7q7t",104,63,188,150,0,,
https://twitter.com/fdremoe/status/1571756005033234433,2022-09-19T07:00:08.000Z,"ውድ ተማሪዎች እና መምህራን እንዲሁም የትምህርት ማህበረሰብ እንኳን ለ 2015ዓ.ም የትምህርት ዘመን በሰላም አደረሳችሁ!
ሁላችንም እድሜያቸው ለትምህርት የደረሱ ህፃናትን  ወደ ትምህርት ቤት በመላክ የበኩላችንን እንወጣ!!!

ትምህርት ሚኒስቴር! https://t.co/J408pqdPJV",34,10,120,0,0,,
https://twitter.com/fdremoe/status/1568677288740282378,2022-09-10T19:06:24.000Z,"መልካም አዲስ አመት!

Happy New Year!

አዲሱ አመት የሰላም፣ የጤና፣ የብልጽግና እንዲሆንላችሁ እንመኛለን! https://t.co/iI0r2pbbAm",1,2,22,0,0,,
https://twitter.com/fdremoe/status/1567766235311398913,2022-09-08T06:46:12.000Z,https://t.co/cHfJ77VxJz,0,1,8,0,0,,
https://twitter.com/fdremoe/status/1567412916961296385,2022-09-07T07:22:15.000Z,#የጳጉሜ 2014 ዓም. 5ቱ ልዩ ቀጣይ https://t.co/VUazpLXm0q,1,0,9,0,0,የጳጉሜ,
https://twitter.com/fdremoe/status/1549741993135325185,2022-07-20T13:04:18.000Z,"Reconstruction of schools in conflict-prone localities of the Afar Regional State Darsa Gita Secondary School is started today.
H.E. Prof. Berhanu Nega  has expressed his appreciation and acknowledgement to  the valuable support of the Ethiopian Diaspora.

https://t.co/DYgWCxZPCk",2,3,13,4,0,,
https://twitter.com/fdremoe/status/1545434470396084224,2022-07-08T15:47:45.000Z,"ለመላው የእስልምና እምነት ተከታዮች
   
እንኳን ለኢድ-አል አደሃ (አረፋ) በዓል በሰላም አደረሳችሁ።

በዓሉ የሰላም፣ የፍቅርና የደስታ እንዲሆንላችሁ እንመኛለን!

መልካም በዓል!

የኢፌዴሪ ትምህርት ሚኒስቴር https://t.co/Dnag7Eqy3A",0,1,10,0,0,,
https://twitter.com/fdremoe/status/1537838683872706561,2022-06-17T16:44:48.000Z,"Greek Community School set to be a non-profit making institute

The announcement came out here in Addis following the fruitful discussion the school principals made with the Ministry of Education. 

https://t.co/IyxGqVYSVb https://t.co/L93d0Y6uEM",0,1,3,0,0,,
https://twitter.com/fdremoe/status/1536716259550797825,2022-06-14T14:24:41.000Z,"Minister of Education H.E. Prof. Berhanu Nega has called newly appointed higher education institutions board members to contribute their level best in the realization of the education sector reform effort well underway in Ethiopia.
https://t.co/e9Ur7Y4m5b https://t.co/XmreRBruiz",21,3,73,1,0,,
https://twitter.com/fdremoe/status/1516061703330484224,2022-04-18T14:30:51.000Z,"በጦርነትና ግጭት ውስጥ ሆነው የተፈተኑና የማለፊያ ነጥብ ያላመጡ የ12ኛ ክፍል ተማሪዎች ከ2014 ዓ.ም መደበኛ ተፈታኞች ጋር እንዲፈተኑ ውሳኔ ተላለፈ። 

ውሳኔው ሚኒስቴሩ ከክልልና ከተማ አስተዳደር ት/ቢሮዎች ጋር   ውይይት በማድረግ የተላለፈ  ነው፡፡ https://t.co/YEuhoxg3SL",62,26,210,5,0,,
https://twitter.com/fdremoe/status/1506884490664333315,2022-03-24T06:43:53.000Z,"Au workers donated more than 725br for rebuilding of damaged schools.

State Minister of Foreign Affairs, Ambassador Birtukan Ayana handed over the support to the Ministry of Education.

The support will be used to rebuild damaged schools in Amhara &amp; Afar regions. @birtukanayano https://t.co/u1TtwHPUwb",0,4,10,0,0,,birtukanayano
https://twitter.com/fdremoe/status/1504372490251997188,2022-03-17T08:22:06.000Z,"JICA announce as it support the rebuilding of damaged schools 
prof. Berhanu Nega  discussed with katsuski morihara, chief representative of JICA 
The representative said, since 2006 JICA was donated 290mil $ &amp; build 80 schools in Eth &amp;the minister thanked JICA for its support https://t.co/lIgau2ObMB",1,5,13,1,0,,
https://twitter.com/fdremoe/status/1503688046176317444,2022-03-15T11:02:22.000Z,"The highest score for 2013 grade 12 national exam is 623. 

The highest score for the first round is 563 out of 600 and the highest score in the second round is 623 out of 700.

It is also known that the highest result recorded in the field of natural science field. https://t.co/wCWdJcsU0J",0,6,10,3,0,,
https://twitter.com/fdremoe/status/1503651095834505219,2022-03-15T08:35:32.000Z,"This year More than 152,014 students will join public universities.

63 thousand 833 of them are female students.

Students who score 50 and above are counted  287,223 Which is 53 % from the total number.

Totally In both round 598,679 students were take the entrance exam. https://t.co/oD9lNwsbmU",0,5,13,0,0,,
https://twitter.com/fdremoe/status/1503373594189090819,2022-03-14T14:12:50.000Z,"2013 of grade 12-entrance exam cut point released.  48 % of examine scored more than 50 &amp; above  from 100.
93,689 students from natural science, 58,325 students from social science, totally 152,014 students  will join government universities.63,833 (42%) are female @SamuelKKidane https://t.co/FuUHAu0HDu",7,6,33,0,0,,SamuelKKidane
https://twitter.com/fdremoe/status/1502303961298214913,2022-03-11T15:22:30.000Z,"”ጋን በጠጠር ይደገፋል” እንዲሉ የወደሙ የትምህርት ተቋማትን ለመገንባት  በርካታ  ኢትዮጵያዊያን   የድርሻቸውን እየተወጡ ይገኛሉ ።
እርስዎም ፦
የፈረሰውን የትውልድ ማፍሪያ ተቋም መልሰው በመገንባት አሻራዎን ያኑሩ፡፡ https://t.co/6H7zpKawrm",18,5,50,2,0,,
https://twitter.com/fdremoe/status/1502165624121749511,2022-03-11T06:12:48.000Z,"Prof. Berhanu Nega discussed with Finland Ambassador to Ethiopia, Ms. Holopainen Outi.

it is said that the forthcoming bilateral cooperation agreement will focus on quality reform in the education sector. @BerhanuNegaB
@FinlandinETH @OutiHolopainen https://t.co/ub9DHXQ7X7",5,1,29,1,0,,"BerhanuNegaB,FinlandinETH,OutiHolopainen"
https://twitter.com/fdremoe/status/1499272320707440641,2022-03-03T06:35:51.000Z,"School Feeding Day  celebrated  for the 4th time in our country.

Ethiopian government has allocated more than 2.7 billion birr for school feeding  &amp; benefited 1.3 million students.

School feeding program has a significant role in increasing access and quality of education said. https://t.co/iUsW6NxwlH",3,1,10,0,0,,
https://twitter.com/fdremoe/status/1497170217235103745,2022-02-25T11:22:50.000Z,"Ministry of Education has started providing E-learning &amp; digital library services

The services has standard &amp; helpful textbooks, &amp; videos.
Materials are uploaded by class, subject,&amp; chapter.
Students can use the service through the following address https://t.co/N4BaqX87DK https://t.co/ZFOou1UsG8",1,2,10,0,0,,
https://twitter.com/fdremoe/status/1497117683153788952,2022-02-25T07:54:05.000Z,"Grade 12 Students can see their results using the following options.

•  Website-result - https://t.co/ecSwfMQuza
•  https://t.co/6iCcH4tVcJ
•  Telegram Bot: - @moestudentbot
•  by texing to 9444

Applicants who need positive support can apply by https://t.co/LrVCQdi1n4. https://t.co/2dKtpoDgkB",2,6,7,1,0,,
https://twitter.com/fdremoe/status/1496812598951649281,2022-02-24T11:41:47.000Z,"We all have a responsibility to return back out-of-school children to school!

Let us rebuild the damaged educational institutions together through providing donation by 
9222 SMS and Tele birr account and by remittance number- 993161616 https://t.co/UYlr8LXONQ",2,4,5,0,0,,
https://twitter.com/fdremoe/status/1494941747520196610,2022-02-19T07:47:41.000Z,"Diaspora Ejigayehu Mall from German has donated half million birr for rebuilding of damaged schools. In addition she also donated 2016 notebooks and 300 pens
The Ministry of Education is mobilizing resources from the public 9222 SMS is one of it https://t.co/9bHdJoPLxM",2,1,10,1,0,,
https://twitter.com/fdremoe/status/1494940614743535618,2022-02-19T07:43:11.000Z,"Ministry of Education &amp; British Council have signed a Memorandum of Understanding  on peace issue in higher education institutions.

The project focuses on  enhancing the role of universities in conflict prevention and peace building.
The project will be funded by EU. https://t.co/Id94L4aG28",1,2,12,0,0,,
https://twitter.com/fdremoe/status/1494939793171660802,2022-02-19T07:39:55.000Z,"We have organized out door event @4kilo moe gate to collect resource from the public for damaged schools.  We have receiving  resources.

we have plan to keep such outdoor event in all regions.

Lets rebuild damaged educational institutions together! https://t.co/X5GUMI0aRP",0,0,6,0,0,,4kilo
https://twitter.com/fdremoe/status/1494939098653544450,2022-02-19T07:37:10.000Z,"Discussion held  that focused on strengthening science, technology, engineering and maths centers in higher education institutions.
State Minister of Education, Dr. Samuel Kifle said universities should  institutionalize their tasks to ensure the sustainability of  STEM centers. https://t.co/3SUDHpw8aa",0,0,2,0,0,,
https://twitter.com/fdremoe/status/1491715526116188162,2022-02-10T10:07:50.000Z,"Professor Berhanu Nega discussed  with Russian federation Ambassador to Ethiopia yevgeny Terekhin on the issue of rebuilding  damaged schools. 

The ambassador stated as the Russia government will support the activities of rebuilding damaged educational institutions. https://t.co/ITuBV9PoyS",2,0,17,0,0,,
https://twitter.com/fdremoe/status/1490642310635397122,2022-02-07T11:03:16.000Z,"The 2nd round 2013  Grade 12 national exam ended peacefully

Students who didn't  sit for the national examina in 2013 due to invasion of TPLF terrorist group &amp; its allies are taken the exam in the 2nd round.

The examination was conducted peacefully at 189 examination centers. https://t.co/il9m9M9yiM",0,4,13,0,0,,
https://twitter.com/fdremoe/status/1488434133147791363,2022-02-01T08:48:45.000Z,"The Minister of Education, Prof. Berhanu Nega said Exit exam will be given to all undergraduate programs to improve the quality of higher education.

The minister discussed with  Higher Education Institutions Presidents on draft structure of
Public universities.@BerhanuNegaB https://t.co/PEVqLt1JRx",20,11,82,5,0,,BerhanuNegaB
https://twitter.com/fdremoe/status/1488100210194759681,2022-01-31T10:41:52.000Z,RT @educateethiopia: @FDREMoE Professor @BerhanuNegaB and several of his colleagues in the Council of Ministers visited HMA on Friday on a…,13,0,0,0,0,,"educateethiopia,fdremoe,BerhanuNegaB"
https://twitter.com/fdremoe/status/1487308835161317377,2022-01-29T06:17:13.000Z,"The Ministry of Education,  has allocated over 1.6 billion birr to rebuild the damaged schools.

The ministry take the responsibility to rebuild 1 thousand 93 damaged schools. And agreed with Regional Education bureau  to rebuild damaged schools  TPLF https://t.co/HzH339reTh",35,7,112,2,0,,
https://twitter.com/fdremoe/status/1486602976030511104,2022-01-27T07:32:23.000Z,"The organized Autonomy  Dream team to achieve AAU institutional independence begin its task.

The task force elected Prof. Sebsebe Demesew as its Chairman and Dr. Shibru Temesgen as its Secretary. https://t.co/haaehnTCRZ",11,0,38,1,0,,
https://twitter.com/fdremoe/status/1486356509491671043,2022-01-26T15:13:01.000Z,"The Minister of Education, Professor Berhanu Nega discussed  with Ambassador of the government of Hungary to Ethiopia Attila Thomas on free scholarship program to Ethiopian students. https://t.co/RxoGaMqyEp",8,1,44,0,0,,
https://twitter.com/fdremoe/status/1486353971316994055,2022-01-26T15:02:56.000Z,Professor Berhanu Nega discussed  with Swedish Ambassador to Ethiopia Hans Henrik on the rebuilding of damaged schools due to war in Northern part of Ethiopia. https://t.co/NIeWTLB33x,10,1,34,1,0,,
https://twitter.com/fdremoe/status/1485992645168091136,2022-01-25T15:07:09.000Z,"SAVE THE DATE: CONFERENCE ON RESEARCH EXCELLENCE IN ETHIOPIA THROUGH NORTH-SOUTH COLLABORATIONS 
Date: 27 January 2022
Time: From 09:00 CET/11:00 EAT/ከቀኑ 5 ሰዓት ጀምሮ
Zoom link: https://t.co/OD4Hd9RO56
Meeting ID: 613 9866 2458
Passcode: E0Ve05$ https://t.co/YggyxLCCzr",1,0,3,0,0,,
https://twitter.com/fdremoe/status/1485989312328089602,2022-01-25T14:53:55.000Z,በመቀሌ፣ አዲግራት ፤. አክሱም፣ ራያ እና ወልዲያ ዩንቨርስቲ  በ2ኛ እና 3ኛ ድግሪ በመደበኛ ፕሮግራም  ትምህርት  ስትከታተሉ ለነበራችሁ ተማሪዎች ከነገ ጀምሮ እስከ ጥር 21/2014ዓ.ም ድረስ  https://t.co/LE0eOPDjNS መረጃችሁን እንድትሞሉ እናስታውቃለን,1,2,4,0,0,,
https://twitter.com/fdremoe/status/1470292276064706563,2021-12-13T07:19:29.000Z,"After a week-long social service,  today students back to school. Following this The Minister of Education, Prof. Berhanu Nega, thanked the students and teachers who participated in the week-long social service.  
@BerhanuNegaB @SamuelKKidane @HareguaMamo https://t.co/mH0jjoPfj3",2,5,23,0,0,,"BerhanuNegaB,SamuelKKidane,HareguaMamo"
https://twitter.com/fdremoe/status/1470289209760043011,2021-12-13T07:07:18.000Z,"More than 11 billion birr is needed to rebuild the destroyed educational institutions in Amhara region. A delegation led by the Minister of Education, Prof. Berhanu Nega, visited schools damaged in the North Wollo Zone by the terrorist group TPLF.
@BerhanuNegaB @SamuelKKidane https://t.co/dLY4Mliaw5",16,5,30,1,0,,"BerhanuNegaB,SamuelKKidane"
https://twitter.com/fdremoe/status/1468540991787384835,2021-12-08T11:20:31.000Z,"Students  keep providing social services to the community.
Today they engaged on collecting clothes to the displaced societies &amp; blood donation in d/t parts of the country. The  social service activity will keep until the coming Friday. @BerhanuNegaB  @SamuelKKidane @AbiyAhmedAli https://t.co/L8jyIw7kwZ",42,2,87,3,0,,"BerhanuNegaB,SamuelKKidane,AbiyAhmedAli"
https://twitter.com/fdremoe/status/1467831351550353411,2021-12-06T12:20:39.000Z,"Students &amp; teachers are participating in various social services following the one-week closure of secondary schools.
Today, students &amp; teachers in different parts of the country are engaged in crop harvesting, blood donation &amp; other social services. @BerhanuNegaB  @SamuelKKidane https://t.co/Mreb0wvHmN",167,6,339,17,0,,"BerhanuNegaB,SamuelKKidane"
https://twitter.com/fdremoe/status/1467760745471483907,2021-12-06T07:40:06.000Z,""" priority will be given to activities that base excellence and quality in the education sector. Prof. Berhanu Nega

The minister said this at the end of 6th National Science and Engineering Exhibition Day hosted by MOE, UNESCO, STEAM power &amp; MLC. @BerhanuNegaB @HareguaMamo https://t.co/P8J6fLzlw6",0,3,7,0,0,,"BerhanuNegaB,HareguaMamo"
https://twitter.com/fdremoe/status/1466411970949746696,2021-12-02T14:20:33.000Z,MOE passed various decisions for the success of the ongoing national campaign. closing of high schools for a week is one of the decision passed by MOE. During the closure there will be widespread campaigns to collect harvested crops &amp; help families. @BerhanuNegaB @SamuelKKidane https://t.co/b1mnvYY9k7,151,16,376,80,0,,"BerhanuNegaB,SamuelKKidane"
https://twitter.com/fdremoe/status/1466356120772128772,2021-12-02T10:38:37.000Z,"The Minister of Education, Prof. Berhanu Nega, discussed with Adama University of Science and Technology staff and students concerning the issue of quality of education.

The minister and his staff also visited Laboratories of the university.
@BerhanuNegaB @HareguaMamo https://t.co/vM9D4VDrgD",16,0,64,0,0,,"BerhanuNegaB,HareguaMamo"
https://twitter.com/fdremoe/status/1466335199894155266,2021-12-02T09:15:29.000Z,"ተማሪዎች በመማሪያ ክፍል የቀሰሙትን እውቀት ወደ ችግር ፈቺ የፈጠራ ውጤት ለመቀየር በትኩረት መሰራት እንደሚገባ ተገለፀ:: 

በአለም አቀፍ ደረጃ ለ20ኛ ጊዜ በአገር አቀፍ ደረጃ ደግሞለ6ኛ ጊዜ የዓለም አቀፍ የሣይንስ ቀን በተለያዩ ዝግጅቶች ተከብሯል https://t.co/nPilgdhGQH",2,0,7,0,0,,
https://twitter.com/fdremoe/status/1466295793686618112,2021-12-02T06:38:54.000Z,"About 200 Ethiopian private higher education institutions vowed to pledge up to 20 million BR to defense force. State Minister of Education, Samuel Kifle (Dr) said we should continue to strengthen our national unity by eradicating the destructive forces in a short period of time. https://t.co/MMRusHlxlr",1,1,4,0,0,,
https://twitter.com/fdremoe/status/1466294078140788739,2021-12-02T06:32:05.000Z,"32 volunteer veterans from Moe   see off to front line.Blood donations and food preparation are also being made for the Defense Forces.

""We will continue to support our defense until Ethiopia returns to its former glory,"" Professor Berhanu Nega @BerhanuNegaB @HareguaMamo https://t.co/LjYBpxEhOR",0,0,5,0,0,,"BerhanuNegaB,HareguaMamo"
https://twitter.com/fdremoe/status/1466291123652071428,2021-12-02T06:20:20.000Z,"The Ministry of Education has launched a project that improve the use of information, communication and technology as well as digital technology implementation. 

The project aims to improve the quality and ensure inclusive education at all times and in all places. @BerhanuNegaB https://t.co/MmBp6tHff5",0,0,5,0,0,,BerhanuNegaB
https://twitter.com/fdremoe/status/1465912004003209221,2021-12-01T05:13:51.000Z,ትምህርት ሚኒስቴር የመረጃ፣ የተግባቦትና ቴክኖሎጂ አጠቃቀም እንዲሁም የዲጂታል ቴክኖሎጂ አተገባበር ሥርዓትን ማሻሻል የሚያስችል ፕሮጀክት ይፋ አድርጓል። https://t.co/3pX9pbl9np,2,0,14,1,0,,
https://twitter.com/fdremoe/status/1465227390540464131,2021-11-29T07:53:27.000Z,"State Minister of Education Samuel Kifle (Dr) said more than 1.2 million students were out of school due to the war in northern part of Ethiopia.
The Ministry of Education also will work  hard to restore schools destroyed during the war said. @BerhanuNegaB @HareguaMamo https://t.co/3sUz4PZxhf",36,6,80,11,0,,"BerhanuNegaB,HareguaMamo"
https://twitter.com/fdremoe/status/1465208320533450754,2021-11-29T06:37:40.000Z,"""The root cause of the current crisis in our country is due to the weak education system "" Professor Berhanu Nega,Minister of education.
The Minister held a discussion with staff of Kotebe Metropolitan University on different issues. @BerhanuNegaB @HareguaMamo https://t.co/TUxZ2yUnUu",9,2,40,5,0,,"BerhanuNegaB,HareguaMamo"
https://twitter.com/fdremoe/status/1463459806631677954,2021-11-24T10:49:42.000Z,"የኮቪድ_19 ክትባት በትምህርት ቤቶችእየተሰጠ ነው ።

የትምህርት ሚኒስቴር ኮሚኒኬሽን ዳይሬክተር ወ/ሮ ሀረጓ ማሞ  ወላጆች ልጆቻቸው በትምህርት ቤቶች ውስጥ የሚሰጠውን የኮቪድ-19 ክትባት እንዲወስዱ ሀላፊነታቸውን እንዲወጡ  ጠይቀዋል። @HareguaMamo https://t.co/NSfFzHSm3T",2,0,17,1,0,,HareguaMamo
https://twitter.com/fdremoe/status/1463110881621991427,2021-11-23T11:43:12.000Z,አገር አቀፍ የትምህርት ዘርፍ አማካሪ ምክር ቤት ተቋቋመ:: የትምህርት ሚኒስቴር ሚኒስትር ደኤታ ዶክተር ሳሙኤል ክፍሌ አማካሪ ምክር ቤቱ በሴክተሩ የሚሰሩ ስራዎችን እየተከታተለ ከሙያ አንጻር  የማማከር ስራ እንደሚሰራ ተናግረዋል። https://t.co/2Jpo8CT38k,3,4,11,0,0,,
https://twitter.com/fdremoe/status/1463064400999464962,2021-11-23T08:38:30.000Z,ትምህርት ሚኒስቴር ሀገር አቀፍ የትምህርት ቤት የምገባ  ፕሮግራም መመሪያን እየገመገመ ይገኛል:: በአፍሪካ ደረጃ የሚተገበረውን ሀገር አቀፍ የትምህርት ቤት ምገባ መመሪያ እንዲገመግሙ ከተመረጡ 16 የአፍሪካ ሀገራት መካከል ኢትዬጵያ አንዷ ነች። https://t.co/P4PbA8GSHr,2,1,11,0,0,,
https://twitter.com/fdremoe/status/1459073586426265610,2021-11-12T08:20:25.000Z,"The first round of the 2013 school year national exam which was given nationwide  ended peacefully. 
565,255 of students took the exam from the total expected number of 617,991 in 2,036 exam centers. In the first round, 96 percent of the students took the exam https://t.co/l1b9fteLI5",5,2,15,1,0,,
https://twitter.com/fdremoe/status/1458085552088096776,2021-11-09T14:54:20.000Z,ዛሬ ሁለተኛ ቀኑን የያዘው የ12ኛ ክፍል  የሀገር አቀፍ ፈተና በጠዋቱ  መርሀ-ግብር  ስኮላስቲክ አፕቲትዩድ እንዲሁም  በከሰዓቱ መርሀ-ግብር  ደግሞ የፊዚክስና ጂኦግራፊ ትምህርቶች  በሁሉም የፈተና ጣቢያዎች በሰላም ሲሰጥ ውሏል ። https://t.co/fYHpAeRP27,3,3,19,1,0,,
https://twitter.com/fdremoe/status/1457724331920957443,2021-11-08T14:58:58.000Z,የትምህርት ሚኒስትሩ ብርሀኑ ነጋ (ፕሮፌሰር)  በዘንድሮው አመት የ2013ዓ.ም ሀገር አቀፍ ፈተናን አምና ፈተናውን ከወሰዱ ተማሪዎች እጥፍ ፈተናውን መውሰዳቸውን ገልፀዋል። ፈተና ከመሰረቅ ጋር በተያያዘም ምንም አይነት ችግር እንዳልገጠመም  ተናግረዋል https://t.co/gnmxvRfkj1,124,7,319,2,0,,
https://twitter.com/fdremoe/status/1455495441953562632,2021-11-02T11:22:09.000Z,"በያዝነው አመት መጨረሻ ለ 1ሚሊየን ተማሪዎች ዲጂታል መታወቂያ  ይሰጣል፡፡ 
በ 3680 ትምህርት ቤቶች ውስጥ ላሉ  5 ሚሊየን ተማሪዎች እና 750 ሺህ መምህራን  የትምህርት ሚኒስቴር የዲጂታል መታወቂያ ለመስጠት  ከ IOHK ጋር ስምምነት መፈፀሙ ይታወሳል፡፡ https://t.co/WeE8t2DyRH",0,1,8,1,0,,
https://twitter.com/fdremoe/status/1455486366788296707,2021-11-02T10:46:06.000Z,"ትምህርት ሚኒስቴር ከግል ከፍተኛ ትምህርት ተቋማት አመራሮች ጋር ምክክር አካሂዷል።

በምክክር መድረኩም የትምህርት ሚኒስትሩ ፕሮፌሰር ብርሀኑ ነጋ  በትምህርት ዘርፉ ላይ ካሉ የግል ተቋማት ጋር ግልፅ መናበብ እንደሚያስፈልግ ገልፀዋል። https://t.co/2UEbW6fopf",0,5,7,0,0,,
https://twitter.com/fdremoe/status/1455122754357837826,2021-11-01T10:41:14.000Z,"በናሙናነት  በተመረጡ አምስት መቶ  የሁለተኛ ደረጃ ትምህርት ቤቶች ውስጥ ለሚገኙ አንድ ሺህ አምስት መቶ  ርዕሳነ- መምህራን የአመራርነት ብቃት  ማሻሻያ  ስልጠና ሊሰጥ ነው  ፡፡ 

ስልጠናው  በመጪው ህዳር ወር  የሚሰጥ ይሆናል። https://t.co/ynqzvINViG",1,1,2,0,0,,
https://twitter.com/fdremoe/status/1453668324399849473,2021-10-28T10:21:51.000Z,የትምህርት ሚኒስትሩ  ፕሮፌሰር ብርሃኑ ነጋ ከከፍተኛ ትምህርት አመራሮች ጋር ውይይት አካሄዱ። በውይይቱም የከፍተኛ ትምህርት ተቋማትን እና የትምህርት አሰጣጥ ሂደቱን ለማዘመን መንግስት ትኩረት እንደሚሰጥ  ፕሮፌሰር ብርሃኑ ነጋ ተናግረዋል። https://t.co/uMB099D3x7,1,1,14,0,0,,
https://twitter.com/fdremoe/status/1453613098196160513,2021-10-28T06:42:24.000Z,የትምህርት ቤት አመራሮችን ብቃት ለማሳደግ እየተሰራ ነው። የርዕሰመምህራንና የትምህርት ቤት አመራሮችን ብቃት ማሳደግ ትምህርት ቤቶችን በማሻሻል የለውጥ ስራዎችን ውጤታማ ለማድረግ ያስችላል ተብሏል ። https://t.co/tzLXIF2PjV,0,1,7,0,0,,
https://twitter.com/fdremoe/status/1452157967608991749,2021-10-24T06:20:13.000Z,"የጎልማሶች መሠረታዊ ትምህርት ሥርዓተ-ትምህርት ማዕቀፍን የማሻሻል ስራ እየተሰራ መሆኑ ተገልጿል 

የትምህርት ሚኒስቴር  የጎልማሶች መሠረታዊ ትምህርት ስርዓተ-ትምህርት ላይ የነበሩበትን ክፍተቶች ለመለየት የሚያስችል የምክክር መድረክ  አካሂዷል https://t.co/SoKLEb5m1t",0,1,4,0,0,,
https://twitter.com/fdremoe/status/1450445761066389504,2021-10-19T12:56:32.000Z,"በትግራይ ክልል ባሉ ዩኒቨርሲቲዎችና በወልድያ ዩኒቨርሲቲ ሲማሩ የነበሩ መደበኛ ተማሪዎች በጊዜያዊነት ወደ ሌሎች ዩኒቨርሲቲዎች እንዲመደቡ ትምህርት ሚኒስቴር ውሳኔ አስተላልፏል፡፡  
ለመመዝገብ https://t.co/6Jh7tNItZ9 መጠቀምይቻላል፡፡ https://t.co/S3BQxHvfsK",2,2,5,0,0,,
https://twitter.com/fdremoe/status/1448181890796621833,2021-10-13T07:00:43.000Z,"ክቡር ዶ/ር ፋንታ ማንደፍሮ  የአጠቃለይ ትምህርት ልማት ዘርፍ ሚኒስትር ዴኤታ፣ ክቡር ዶ/ር ሣሙኤል ክፍሌ የከፍተኛ ትምህርት ልማት ዘርፍ ሚኒስቴር ዴኤታ  ሆነው ተሹመዋል። 
በመሆኑም ትምህርት ሚኒስቴር መልካም የስራ ዘመን እንዲሆንላችሁ ይመኛል። https://t.co/bkoaU3tPN3",1,1,6,0,0,,
https://twitter.com/fdremoe/status/1448180690961453058,2021-10-13T06:55:57.000Z,"የትምህርት ሚኒስትሩ ከሰራተኞች ጋር በቀጣይ አቅጣጫ ዙሪያ ውይይት አካሄዱ
-------------------
የትምህርት ሚኒስትሩ ፕሮፌሰር ብርሀኑ ነጋ ከትምህርት ሚኒስቴር አጠቃላይ ሰራተኛ ጋር በቀጣይ በትኩረት ሊሰሩ በሚገቡ ጉዳዬች ላይ ውይይት አካሂደዋል https://t.co/KY5SK6r6hd",2,1,8,0,0,,
https://twitter.com/fdremoe/status/1448179527734202369,2021-10-13T06:51:19.000Z,"የትምህርት ሚኒስትሩ ፕሮፌሰር ብርሃኑ ነጋ  የስራ ርክክብ አደረጉ፡፡
በአዲሱ የመንግስት ምስረታ የትምህርት ሚኒስቴር ሚኒስትር ሆነው የተሾሙት ፕሮፌሰር ብርሃኑ ነጋ ከቀድሞ  የትምህርት ሚኒስትር ጋር የስራ ርክክብ አድርገዋል፡፡ https://t.co/F7SZ36Z0P5",2,0,10,0,0,,
https://twitter.com/fdremoe/status/1448179027341156353,2021-10-13T06:49:20.000Z,"ፕሮፌሰር ብርሀኑ ነጋ የትምህርት ሚኒስቴር ሚኒስትር ሆነው ተሹመዋል።  
የትምህርት ሚኒስቴር አመራሮች እና ሰራተኞች ለሚኒስትሩ መልካም የስራ ዘመን እንዲሆንላቸው እንመኛለን። https://t.co/pRZ88cffJN",0,2,5,0,0,,
https://twitter.com/fdremoe/status/1433748415108767752,2021-09-03T11:07:14.000Z,"ትምህርት ሚኒስቴር በልዩ ፍላጎት እና አካቶ ትምህርት አሰጣጥ ዙሪያ ከሚመለከታቸው አካላት ጋር ውይይት አካሂዷል። በመድረኩ ልዩ ፍላጎት እና አካቶ ትምህርት ዙሪያ የነበሩ ተሞክሮዎችእና ያጋጠሙ ተግዳሮቶች  ዙሪያ   ውይይት ተካሂዷል።
@DrGetahun https://t.co/6KQ5iqHDMu",6,8,28,3,0,,DrGetahun
https://twitter.com/fdremoe/status/1433044691864391693,2021-09-01T12:30:53.000Z,"በትግራይ ክልል  የህውሃት አሸባሪ ቡድን በከፈተው ጦርነት ከ 1.4 ሚሊዬን በላይ ተማሪዎች ከትምህርት ገበታ ውጪ ሆነዋል - ጌታሁን መኩሪያ ( ዶ/ር ኢንጂ)

ከ 7ሺህ በላይ ትምህርት ቤቶች ሙሉ በሙሉ መውደማቸውንም  ተናግረዋል።
@DrGetahun https://t.co/gIbr6eQwMB",0,0,6,0,0,,DrGetahun
https://twitter.com/fdremoe/status/1433036375754948611,2021-09-01T11:57:51.000Z,"30ኛው የትምህርት ጉባኤ ውጤታማ ነበር -ጌታሁን መኩሪያ (ዶ/ር ኢንጂ)

በቀጣይ አዲሱ ስርዓተ ትምህርት የሙከራ ትግበራ የሚከናወንበት በመሆኑ ጉባኤው የጋራ መግባባትን የፈጠረ መሆኑን ሚኒስትሩ ተናግረዋል። @DrGetahun https://t.co/PsUddmJjKt",0,0,7,0,0,,DrGetahun
https://twitter.com/fdremoe/status/1433035855942365184,2021-09-01T11:55:47.000Z,"አዲሱ ፍኖተ ካርታ አጠቃላይ የትምህርት ዘርፉ ክፍተቶችን ታሳቢ ያደረገ ነው - የትምህርት ሚኒስትሩ ጌታሁን መኩሪያ (ዶ/ር ኢንጂ) 
በ 2014ዓ.ም  አዲሱ ስርዓተ ትምህርት  በኢትዮጵያ ውስጥ ባሉ በተመረጡ ትምህርት ቤቶች ላይ የሙከራ ትግበራ  ይካሄዳል https://t.co/WsGILp1UJI",1,0,8,0,0,,
https://twitter.com/fdremoe/status/1428751136375377933,2021-08-20T16:09:50.000Z,የትምህርት ሚኒስቴር እና የኢትዮጵያ ሳይንስ አካዳሚ የአጠቃላይ ትምህርት ዘርፍ  የሳይንስ ፣የቴክኖሎጂ፣ የኢንጂነሪንግና የሂሳብ /STEM/ ትምህርት ማዕከልን በጋራ ለማደራጀት የሚያስችል  የመግባቢያ ስምነት ሰነድ /MoU/ ተፈራረሙ፡፡ https://t.co/AUXe5CpGJC,2,0,9,0,0,,
https://twitter.com/fdremoe/status/1423647412892098564,2021-08-06T14:09:27.000Z,"በ 2014 ዓ.ም አዲሱ  ስርአተ ትምህርት  የሙከራ ትግበራ ይጀምራል።
--------------------------------
ትምህርት ሚኒስቴር በመጪው የትምህርት ዘመን  በተመረጡ ትምህርት ቤቶች የአዲሱን  ስርአተ ትምህርት የሙከራ ትግበራ እንደሚጀመር  አስታወቋል፡፡ https://t.co/FBcXo7mAAq",1,0,6,0,0,,
https://twitter.com/fdremoe/status/1423292486550646784,2021-08-05T14:39:06.000Z,"የዓለም-አቀፍ እና የማህበረሰብ ትምህርት ቤቶች ፋቃድ አሰጣጥና እድሳት መመሪያ ዙሪያ  ውይይት ተካሄደ፡፡
በውይይቱ የዓለም አቀፍ ፣ የማህበረሰብ ትምህርት ቤቶች ባለቤቶችና ተወካዮች  እና  የተለያዩ የትምህርት ባለድርሻ አካላት ተገኝተዋል፡ https://t.co/EsXQdKWCH7",0,0,6,0,0,,
https://twitter.com/fdremoe/status/1419658605687619587,2021-07-26T13:59:22.000Z,"ለአጠቃላይ ትምህርት ወጥ የሆነ የርቀት ትምህርት  ሞጁል ሊዘጋጅ መሆኑ ተገለፀ፡፡
የትምህርት ሚኒስቴር  በአጠቃላይ ትምህርት የርቀት ትምህርትን በወጥነት ለመምራት የሚያስችለውን አደረጃጀት ሊያዘጋጅ መሆኑን አስታወቋል። https://t.co/yy1FYmaSFx",2,0,23,0,0,,
https://twitter.com/fdremoe/status/1419654617823055872,2021-07-26T13:43:31.000Z,"""የዘንድሮው የክረምት በጎ ፈቃድ አገልግሎት ተግባራችን  እጅ  ለእጅ ተያይዘን የምናድግበት ዋነኛው መለያችን ነው"" ጌታሁን  (ዶ/ር ኢንጂ)
የትምህርት ዘርፍ በዘንድሮው የክረምት የበጎ  ፍቃድ አገልግሎት   በሀገር አቀፍ ደረጃ  እየተሳተፈ ይገኛል። https://t.co/K8pD0uwuCF",6,0,21,0,0,,
https://twitter.com/fdremoe/status/1419653182150660096,2021-07-26T13:37:49.000Z,"የትምህርት አሰጣጥን ለማሻሻል በትምህርት ዘርፍ ለሚገኙ ከፍተኛ አመራሮችና ባለሙያዎች የተለያዩ ስልጠናዎች እየተሰጠ ይገኛል።
ስልጠናው በትምህርት ተቋማት የትምህርት አሰጣጥን ለማሻሻል የሚያስችል አቅም ለማጎልበት ያለመ ነው ተብሏል። https://t.co/ez72EAkgxG",0,0,3,0,0,,
https://twitter.com/fdremoe/status/1412308493403574272,2021-07-06T07:12:38.000Z,የ15 አቅመ ደካሞችን ቤት በማደስ የክረምት በጎ አድራጓት መርሀ-ግብር በይፋ ተጀመረ።በሁለት ሳምንት ውስጥም ቤቶቹ ታድሰው ለነዋሪዎቹ እንደሚያስረክቡም ሚኒስትሩ ተናግረዋል። https://t.co/XK5BKAWb4Q,6,1,29,0,0,,
https://twitter.com/fdremoe/status/1407222086620299264,2021-06-22T06:21:05.000Z,በትምህርት ዘርፉ ላይ የሚኖሩ ስፓርታዊ እንቅስቃሴዎች ንቁ ዜጋን ለመፍጠር እንደሚያግዙ ተገለፀ። ሚኒስቴሩ በትምህርት ቤቶች ውስጥ  ቀጣይነት ባለው መልኩ  ስፓርታዊ ውድድሮችን በማድረግ ጤናማ እና ንቁ ዜጋን ለመፍጠር እንደሚሰራም አስታውቋል። https://t.co/xJyttR7K0s,0,1,8,0,0,,
https://twitter.com/fdremoe/status/1405437657111568387,2021-06-17T08:10:23.000Z,የኢትዬጵያ መምህራን ማህበር ለሚያስገነባው ሁለገብ ህንፃ ከአዲስ አበባ ከተማ አስተዳደር 4ሺ 382 ካሬ  መሬት ተረከበ።መምህራን ማህበሩ የሚያስገነባው ህንፃ 2ሺካሬ ላይ የሚያርፍና 32 ወለል የሚኖረው ሲሆን 2.8 ቢሊየን ብር ይፈጃል ተብሏል። https://t.co/F6409e7SGj,0,1,6,0,0,,
https://twitter.com/fdremoe/status/1405437137751842816,2021-06-17T08:08:20.000Z,"""በትምህርት ዘርፍ የሴት አመራርነት ሚናን ማጎልበት ለሴት ተማሪዎች በትምህርት አቀባበላቸው ላይ ከፍተኛ አስተዋፆ አለው""  የትምሀርት ሚነስቴር ሚኒስትር ዴኤታ ወ/ሮ ሁሪያ አሊ https://t.co/l4XVcW9xYh",0,0,5,0,0,,
https://twitter.com/fdremoe/status/1405435986033664001,2021-06-17T08:03:45.000Z,የብሔራዊ ዩኔስኮ ጽህፈት ቤት ስራዎችንና ግንኙነትን የሚያሳልጥ አዲስ አሰራር ይዘረጋል ተባለ። ሚኒስትሩ የትምህርት ሚኒስቴር ብሔራዊ ዩኔስኮ ጽ/ቤቱን መልሶ በማደራጀት አቅም ባላቸው ባለሙያዎች የማደራጀት ስራ እንደሚሰራ ገልፀዋል፡፡ https://t.co/4Jfo4C4l44,0,0,3,0,0,,
https://twitter.com/fdremoe/status/1405435567916072963,2021-06-17T08:02:05.000Z,"በ2014 ዓ.ም ከ50ሺህ በላይ ትምህርት ቤቶች ውስጥ የመንገድ ደህንነት ትምህርት ይሰጣል።
ተግባራዊ በሚደረገው የመንገድ ደህንነት ትምህርት 
በ 11 የትምህርት አይነቶች የሚተገበር ሲሆን  ከ 34 ሚሊየን  በላይ ተማሪዎችን ለመድረስ ያስችላል። https://t.co/uTsAi1Ipwj",0,0,3,0,0,,
https://twitter.com/fdremoe/status/1402881809931718658,2021-06-10T06:54:22.000Z,የትምህርት ሚኒስቴር ቀዳማዊት እመቤት ዝናሽ ታያቸው በተለያዩ አካባቢዎች ትምህርት ቤቶችን በማስገንባት በትምህርት ዘርፉ ላይ እያበረከቱት ላለው አስተዋጾ እውቅና ሰጥቷል። https://t.co/F9xsGooNLi,0,0,3,0,0,,
https://twitter.com/fdremoe/status/1400407480908267522,2021-06-03T11:02:16.000Z,የትምህርት ሚኒስቴር የሂሳብና የሳይንስ ትምህርትን ለማሻሻል የመግባቢያ ስምምነት ተፈራረመ:: ስምምነቱን የትምህርት ሚኒስቴር ሚኒስትር ደኤታ ገረመው ሁሉቃ(ዶ/ር) እና የ Minimum learning competence Ethiopia ዋና ዳይሬክተር  ተፈራርመዋል፡፡ https://t.co/Phmime5bms,1,0,5,0,0,,
https://twitter.com/fdremoe/status/1400310974217863169,2021-06-03T04:38:47.000Z,RT @DrGetahun: Thank you #Norway and @NorwayinAddis for continued support to improving quality of education in #Ethiopia through GEQIP-E Pr…,5,0,0,0,0,"Norway,Ethiopia","DrGetahun,NorwayinAddis"
https://twitter.com/fdremoe/status/1400310560298778624,2021-06-03T04:37:08.000Z,RT @DrGetahun: Thank you #Finland for continued support on quality of #Education through GEQIP-E Program. Great discussion with H.E. Amb. @…,2,0,0,0,0,"Finland,Education",DrGetahun
https://twitter.com/fdremoe/status/1400306835345846275,2021-06-03T04:22:20.000Z,"""የትምህርት ጥራትን ለማሻሻል በትኩረት እየተሰራ ነው ""-ጌታሁን መኩሪያ (ዶ/ር ኢንጂ). 

ሚኒስትሩ ከቂርቆስ ክፍለ ከተማ ለተወጣጡ 21 የመጀመሪያ ደረጃ ትምህርት ቤቶች  ተማሪዎች  ከ2 ሺ በላይ የሚሆኑ የትምህርት መርጃ መሳሪያዎችን  አበርክተዋል፡፡ https://t.co/ZsJU6wX3oA",1,0,5,0,0,,
https://twitter.com/fdremoe/status/1400305764862992384,2021-06-03T04:18:05.000Z,የትምህርት ሚኒስቴሩ ጌታሁን መኩሪያ( ዶ/ር ኢንጂ)   የትምህርት ዘርፉን በቴክኖሎጂ ለማዘመን የተለያዩ ስራዎች እየተሰሩ መሆኑን እና በቀጣይም ቴክኖሎጂን መሰረት ያደረጉ የመማር ማስተማር ሂደቶችን ተግባራዊ እንደሚደረጉ ገልፀዋል፡፡ https://t.co/BTvDtUK9Qk,0,0,4,0,0,,
https://twitter.com/fdremoe/status/1395280992697470980,2021-05-20T07:31:26.000Z,የትምህርት ሚኒስቴር በትምህርት ቤቶች የሚፈፀሙ ጾታዊ ጥቃቶችን መከላከል የሚያስችል መመሪያ በማሻሻል ላይ ይገኛል። መመሪያ የማሻሻል ሥራ ከተጠናቀቀ በኋላ ክልሎች ወደ  ራሳቸው ነባራዊ ሁኔታ በመቀየር በቅርቡ ተግባራዊ እንደሚሆን ተገልጿል ። https://t.co/OccxSFEGOd,1,0,6,0,0,,
https://twitter.com/fdremoe/status/1394571533461426176,2021-05-18T08:32:18.000Z,"ዓለም አቀፉ ""ትምህርት ለዘላቂ ልማት"" ጉባኤ እየተካሄደ ነው። 

የትምህርት ሚኒስትር ጌታሁን መኩሪያ ( ፒ ኤች ዲ) ኢትዮጵያ ትምህርትን መሰረት በማድረግ  ዘላቂ ልማትን ለማረጋገጥ በትምህርት ዘርፉ ውስጥ  እየተሰሩ ያሉ ስራዎችን አብራርተዋል፡፡ https://t.co/pJ7A3EbThL",0,0,1,0,0,,
https://twitter.com/fdremoe/status/1393190458793279488,2021-05-14T13:04:24.000Z,"ትምህርት ሚኒስቴር ከራሳ ኩባንያ ጋር በነፃ የትምህርት እድል አሰጣጥ ዙሪያ ስምምነት ተፈራረሙ
""ስምምነቱ የመምህራን አቅም ለማሳደግ ያግዛል"" ገረመው ሁሉቃ ( ዶ/ር) ኩባንያው በዚህ አመት ለ 5000 ተማሪዎች ነፃ የትምህርት እድል እንደሚሰጥ አስታውቋል https://t.co/5y99YMk8uc",0,1,6,0,0,,
https://twitter.com/fdremoe/status/1392048551002312706,2021-05-11T09:26:52.000Z,"ወላጆችን እና መምህራንን የማመስገን  ሀገር አቀፍ  መርሀ ግብር ተካሄደ:: 

 ""ወላጆችን እና መምህራኖችን ማመስገን እና ማድነቅ ለከፈሉት መሰዎትነት እና ላመጡት ውጤት እውቅና መስጠት ነው"" የትምህርት ሚኒስትሩ ጌታሁን መኩሪያ (ፒ ኤች ዲ) https://t.co/mIsKPoG7JL",0,0,2,0,0,,
https://twitter.com/fdremoe/status/1390552116549373952,2021-05-07T06:20:34.000Z,በ499 ትምህርት ቤቶች የሚተገበረው የተማሪዎች የትምህርት ቤት ምገባ ፕሮግራም  ይፋ ሆነ። የትምህርት ሚኒስቴር ደኤታ አቶ ሚሊዮን ማቲዎስ የተማሪዎች የምገባ ፕሮግራም አማራጭ ሳይሆን ትውልድን የማስቀጠል የህልውና ጉዳይ ነው ብለዋል፡፡ https://t.co/kV5W4qmDSa,0,0,7,0,0,,
https://twitter.com/fdremoe/status/1382239120873906177,2021-04-14T07:47:41.000Z,"ኢትዮጵያ በዩኔስኮ የስራ አስፈፃሚ ቦርድ ስብሰባን እየተካፈለች ነው
 
በውይይቱ የትምህርት ሚኒስትሩ ጌታሁን መኩሪያ (ዶ/ር ኢንጂ) ኢትዮጵያ በትምህርት፣ በሳይንስ፣ በባህልና ቱሪዝም ዘርፎች በማከናወን ላይ ያለችውን ዓበይት ተግባራትን ጠቅሰዋል https://t.co/DA8oc306hH",0,1,4,0,0,,
https://twitter.com/fdremoe/status/1380119788500946947,2021-04-08T11:26:13.000Z,"በሀገር አቀፍ ደረጃ 183 ምስጉን መምህራን ሽልማት እና እውቅና ተሰጣቸው።
ከሁሉም ክልሎች እና ከተማ አስተዳደሮች የተወጣጡ 143 በስራ ላይ ያሉ  እና 40 አንጋፋ መምህራኖች የገንዘብ ሽልማት እና እውቅና ተሰጥቷቸዋል። https://t.co/TNwiN8RGO0",2,0,5,0,0,,
https://twitter.com/fdremoe/status/1377184375654080515,2021-03-31T09:01:56.000Z,"ሀገር አቀፍ የትምህርት ብርሃን ምዘና መርሀ ግብር በይፋ ተጀመረ::

ምክትል ጠቅላይ ሚኒስትሩ ደመቀ መኮንን ህዝቡ ይህንን እድል እንዲጠቀምበት ጥሪ በማስተላለፍ መርሀ ግብሩን በይፋ አስጀምረዋል። https://t.co/CVXOUsIzP2",0,0,6,1,0,,
https://twitter.com/fdremoe/status/1376860437338279939,2021-03-30T11:34:43.000Z,የትምህርት ሚኒስቴር በግል ትምህርት ቤቶች የኮቪድ መከላከል መመሪያ መተግበሩን ለመመልከት ድንገተኛ ቅኝት እያደረገ ነው። የትምህርት ሚኒስትር ዴኤታ ሁሪያ አሊ በ ግል ትምህርት ቤቶች በመገኘት የትምህርት ቤቶችን ነባራዊ ሁኔታ ተመልክተዋል። https://t.co/89fX30PAY7,2,0,8,0,0,,
https://twitter.com/fdremoe/status/1376508524419821572,2021-03-29T12:16:21.000Z,"የ2012ዓ.ም የ12ኛ ክፍል  ሀገር አቀፍ ፈተናን ከግማሽ በላይ ተማሪዎች   ከ350 በላይ አምጥተዋል:: ከ 600 በላይ ያመጡ ተማሪዎች  702  መሆናቸው ተገልጿል።

የዓመቱ ከፍተኛ ውጤትም  669 ሆኖ መመዝገቡን  ዳይሬክተሩ ተናግረዋል ። https://t.co/qwEhlRX31c",1,2,14,0,0,,
https://twitter.com/fdremoe/status/1376453236782170117,2021-03-29T08:36:39.000Z,"RT @DrGetahun: የ12ኛ ክፍል ፈተና ዕርማት ተጠናቋል፣ ተፈታኞች ውጤታችሁን ዛሬ/ነገ በ8181 ተጠባበቁ። 

ፈተናው በሰላም መጠናቀቁና ኢንተርነት አለመቋረጡ የዘንድሮውን የ12ኛ ክፍል ፈተና ስኬት ሲሆን፣ በ2 ሳ…",50,0,0,0,0,,DrGetahun
https://twitter.com/fdremoe/status/1373950503755907074,2021-03-22T10:51:41.000Z,"ልዩ ፍላጎት ላላቸው ተማሪዎች ምቹ ሁኔታን ለመፍጠር በዚህ አመት 200 የአካቶ ትምህርት መስጫ ማዕከላት ተቋቁመዋል።
ማዕከላቱ እስከ 35 የልዩ ፍላጎት ተማሪዎችን ማስተናገድ የሚችሉ ናቸው። የህፃናት የመማር መብት እንዲጠበቅ በትኩረት እየተሰራ ነው https://t.co/DQkmvYGtGd",1,0,8,0,0,,
https://twitter.com/fdremoe/status/1373892706062114822,2021-03-22T07:02:01.000Z,"የመምህራንና የትምህርት ቤት አመራሮች ሙያ ፈቃድ አሰጣጥና ዕድሳት የሚከታተል የሙያ ፈቃድ ካውንስል ሊመሰረት ነው። 
የሙያ ፍቃድ መስጠትና ማደስ መምህሩንና የትምህርት አመራሩን በመማር ማስተማሩ ሂደት ላይ ተግተው እንዲሰሩ ያስችላል። https://t.co/RpXztuo2tf",0,0,5,0,0,,
https://twitter.com/fdremoe/status/1372573828732366849,2021-03-18T15:41:16.000Z,የትምህርት ብርሃን የተሰኘ  ሃገር-ዓቀፍ የምዘና ስርዓት ተዘርግቷል፡፡በሀገር በቀል እውቀት፣ በሃይማኖት ተቋማት እና በተቀናጀ ተግባር ተኮር የጎልማሶች ትምህርት መርሃ-ግብር  ማንበብ፣ መፃፍና ማስላት የቻሉ በሙሉ ከመጋቢት 15 ጀምሮ  ይመዘናሉ፡፡ https://t.co/Guk4dTIWXa,1,0,8,0,0,,
https://twitter.com/fdremoe/status/1372132968353923072,2021-03-17T10:29:27.000Z,"ትምህርት ሚኒስቴር አዲሱን የአጠቃላይ ትምህርት ስርዓተ-ትምህርት ለማሻሻልና የመጨረሻ ቅርጽ አስይዞ ወደ ተግባር ለማስገባት አውደ ጥናት እያካሄደ ነው።
በአውደ ጥናቱ ላይ ባህርዳር ዩኒቨርሲቲን ጨምሮ አምስት ዩኒቨርስቲዎች ተሳትፈውበታል፡፡ https://t.co/exYyStkIS4",0,0,5,0,0,,
https://twitter.com/fdremoe/status/1369963495526170627,2021-03-11T10:48:44.000Z,"የ12ኛ ክፍል ሀገር አቀፍ ፈተና በሰላም ተጠናቀቀ፡፡

ትምህርት ሚኒስትሩ ጌታሁን መኩሪያ (ፒ ኤች ዲ)   ፈተናው በሰላም እንዲጠናቀቅ ላደረጉ አካላት፣ ተማሪዎች እና ወላጆች ምስጋናቸውን አቅርበዋል። https://t.co/NgDmX0Xo5w",0,3,11,0,0,,
https://twitter.com/fdremoe/status/1369167543487840259,2021-03-09T06:05:54.000Z,"የ 2012ዓ.ም የ12ኛ ክፍል ሀገር አቀፍ ፈተና በሁሉም አከባቢዎች እየተሰጠ ይገኛል፡፡
ተማሪዎች ፈተናቸውን በተረጋጋ መንፈስ እን ፍፁም ሰላማዊ በሆነ መንገድ እንዲፈተኑ  እና  መልካም ፈተና እንዲሆንላቸው  የትምህርት ሚኒስቴር ይመኛል፡፡ https://t.co/Xa0LzkyoYk",1,4,7,1,0,,
https://twitter.com/fdremoe/status/1367836806243352576,2021-03-05T13:58:02.000Z,"የሴቶች ቀንን ምክንያት በማድረግ ፕሬዝዳንት ሳህለወርቅ ዘውዴ እና የትምህርት ሚኒስትሩ ጌታሁን መኩሪያ (ፒ ኤች ዲ) ቱሉ ዲምቱ 2ኛ ደረጃ ትምህርት ቤትን ጎብኝተዋል።

በትምህርት ቤት ውስጥ እየተደረገ ስላለው የሴት ተማሪዎች ድጋፍ ገለፃ ተደርጓል። https://t.co/BhmGJwntzB",0,0,5,0,0,,
https://twitter.com/fdremoe/status/1367725165279338496,2021-03-05T06:34:25.000Z,"ትምህርት ቤቶች ደረጃውን የጠበቀ የመጠጥ ውሃና የመፀዳጃ ቤት እንዲኖራቸው የሚያስችል መመሪያ ወደ ትግበራ ገባ፡፡ 
የትምህርት ሚኒስትር ዴኤታ አቶ ሚሊዬን ማቲዮስ መመሪያው የትምህርት ቤቶችን ደረጃ ለማሻሻል እንደሚያግዝ ገልፀዋል፡፡ https://t.co/5uhYjUBx94",0,0,5,0,0,,
https://twitter.com/fdremoe/status/1366251093844496388,2021-03-01T04:56:59.000Z,"የ12ኛ ክፍል ሀገር አቀፍ ፈተና  በስኬት  እንዲጠናቀቅ ሁሉም ኃላፊነቱን እንዲወጣ ተጠየቀ::
የትምህርት ሚኒስትሩ ጌታሁን መኩሪያ(ፒ.ኤች.ዲ) ፈተናው በተቀመጠለት የጊዜ ሰሌዳ መሠረት እንዲከናወን ሁሉም ኃላፊነቱን ሊወጣ እንደሚገባ  ገልፀዋል፡፡ https://t.co/ucFJqZVwRm",1,1,4,0,0,,
https://twitter.com/fdremoe/status/1366250281885978625,2021-03-01T04:53:45.000Z,ኢትዮጵያ ኮቪድ 19ኝን በመከላከል የመማር ማስተማር ስራዋን ያስቀጠለችበትን ተሞክሮ ለአለም አቀፉ የትምህርት ውይይት መድረክ አቀረበች።  በውይይቱ የኮቪድ 19ኝ ወረርሽኝን በመከላከል የመማር ማስተማሩን ሂደት ማስቀጠል መቻሏን አብራርታለች። https://t.co/a64X9g5Q0k,0,0,4,0,0,,
https://twitter.com/fdremoe/status/1364158259754659841,2021-02-23T10:20:48.000Z,"የትምህርት ብርሃን ምዘና ፈተና በሀገር አቀፍ ደረጃ ከመጋቢት 15,2013 ዓ.ም ጀምሮ ለመስጠት ዝግጅት እየተደረገ ነው፡፡
 
የምዘና ፈተናው ጎልማሶቹ ማንበብ መፃፍና ማስላት በሚችሉበት ቋንቋ የሚዘጋጅ  ነው፡፡ https://t.co/TkwtWWO2CP",0,0,2,0,0,,
https://twitter.com/fdremoe/status/1364101037414633476,2021-02-23T06:33:25.000Z,"በትምህርት ቤት አስፈላጊውን ጥንቃቄ በማድረግ የመማር ማስተማሩ ሂደት እንዲቀጥል ሃላፊነታችንን እንወጣ!!

በትምህርት ቤት የ”መ” ህጎችን እንተግበር",0,0,1,0,0,,
https://twitter.com/fdremoe/status/1359776192421896192,2021-02-11T08:08:02.000Z,"የ12ኛ ክፍል ሀገር አቀፍ  ፈተና የካቲት 29, 2012ዓ.ም በወረቀት እንደሚሰጥ ተገለፀ።

የትምህርት ሚኒስትሩ  ጌታሁን መኩሪያ (ፒ ኤች ዲ)  መፈተኛ ታብሌቶች በግዜ ወደ ሀገር ውስጥ መግባት ባለመቻላቸው ፈተናውን በወረቀት ለመስጠት መወሰኑን ገልፀዋል። https://t.co/NJYfBpDCqJ",0,6,14,1,0,,
https://twitter.com/fdremoe/status/1357606956740050944,2021-02-05T08:28:16.000Z,"የሚኒስቴር መስሪያ ቤቱና የተጠሪ ተቋማት  አመራሮችና ሠራተኞች ""ደም በመለገስ ህይወት እናድን"" በሚለው  መርህ መሠረት በተደረገው ተከታታይ የደም ልገሳ በጎ ተግባር  ከጤና ሚኒስቴርና ብሄራዊ ደም ባንክ አገልግሎት የ እውቅና ስጦታ ተበርክቶለታል፡፡ https://t.co/dJsbHWtsc2",0,0,8,0,0,,
https://twitter.com/fdremoe/status/1356884077568282624,2021-02-03T08:35:48.000Z,RT @WHOEthiopia: @FMoHealth @fdremoe @EPHIEthiopia @WHOAFRO https://t.co/riRZcw1yRD,3,0,0,0,0,,"WHOEthiopia,FMoHealth,fdremoe,EPHIEthiopia,WHOAFRO"
https://twitter.com/fdremoe/status/1356854760163446784,2021-02-03T06:39:18.000Z,The national launching of the School Rally program to strengthen #COVID19 preventive measures in school communities was held @ Minilik II Secondary School in Addis Ababa to revitalize risk communication for COVID19 prevention. https://t.co/yiV2sZ7eRG,0,2,4,0,0,COVID19,
https://twitter.com/fdremoe/status/1355080384002854920,2021-01-29T09:08:34.000Z,"Ministry of Education and the Deborah Foundation, Ethiopia, signed a memorandum of understanding.
The cooperation aim on short term programs for government schools and teacher https://t.co/QQeF34uuth",1,1,7,0,0,,
https://twitter.com/fdremoe/status/1354420452299595779,2021-01-27T13:26:14.000Z,"MoE &amp; Save the children  launched a comprehensive home-grown, inclusive, learning and development school feeding project(CHILD-SFP)
The  program will implemented in 5 regions 13 woreda.
The project covers 499 schools and reaches more than 163 thousand students. https://t.co/LCBvMn3Wg5",0,1,2,0,0,,
https://twitter.com/fdremoe/status/1354326768027623424,2021-01-27T07:13:58.000Z,"“No mask No service” national campaign is to start in schools.
MoE and MoH  briefed media on the launch of the “No mask No Service” campaign in all schools.

Education minister Getahun Mekuriya (PhD) said the campaign will be held in all schools starting from February, 2 2021. https://t.co/bGloxwq32f",0,0,4,0,0,,
https://twitter.com/fdremoe/status/1354308954646568961,2021-01-27T06:03:11.000Z,"ሀገር አቀፍ የ‹‹እንድናገለግልዎ ማስክ ያድርጉ›› ንቅናቄ በትምህርት ቤቶች ሊጀመር ነው፡፡ 

የትምህር ሚኒስትሩ ጌታሁን መኩሪያ (ፒ ኤች ዲ) ንቅናቄው በሁሉም ትምህርት ቤቶች ከ ጥር 25/2013ዓ.ም ጀምሮ እንደሚካሄድ  ገልፀዋል፡፡ https://t.co/ywTlVyF4MD",1,2,7,0,0,,
https://twitter.com/fdremoe/status/1354044789247848448,2021-01-26T12:33:29.000Z,"China's Chamber of Commerce in Ethiopia donates COVID- 19 preventive equipment to ministry of education.

The support includes 500,000 masks and thermometers which worth 11 million birr.

The donation intended to support efforts to prevent COVID-19 in reopened schools. https://t.co/GwEWg8CEXL",0,0,4,0,0,,
https://twitter.com/fdremoe/status/1352522338416386048,2021-01-22T07:43:48.000Z,የጎልማሶችና መደበኛ ያልሆነ ትምህርትን የሚያስተባብር ምክትል ርዕሰ መምህር በሁሉም የመጀመሪያ ደረጃ ትምህርት ቤቶች እንዲኖር የሚያስችል የአደረጃጀት መመሪያ እየተዘጋጀ ነው፡- ትምህርት ሚኒስቴር https://t.co/2CGJcz03Cg,0,0,4,0,0,,
https://twitter.com/fdremoe/status/1341385956423811073,2020-12-22T14:11:48.000Z,"ወላጆች ልጆቻቸውን ወደ ትምህርት ቤት እንዲልኩ የትምህርት ሚኒስቴር አሳሰበ። 
===============
የኮቪድ 19 ወረርሽኝን በመከላከል የመማር ማስተማር ስራው ቢጀመርም በርካታ ተማሪዎች በትምህርት ገበታቸው ላይ መገኘት አልቻሉም ተብሏል። https://t.co/V4gJ3B374Z",0,4,5,0,0,,
https://twitter.com/fdremoe/status/1320698701153710080,2020-10-26T12:08:02.000Z,"Minister of education Getahun Mekuriya (PhD) starts giving class to students.  Today he taught physics to grade 12 Menelik secondary school students.  He will keep teaching for 45 days  two days a week.
 ""I will teach too "" campaign https://t.co/M5GWwhwg9a",1,1,13,0,0,,
https://twitter.com/fdremoe/status/1313783396385030147,2020-10-07T10:09:05.000Z,"በማቆያነት ሲያገለግሉ የነበሩ ትምህርት ቤቶች የኬሚካል እርጭት ሳይደረግላቸው  ትምህርት እንደማይጀምሩ ትምህርት ሚኒስቴር አስታወቀ።
የትምህርት ሚኒስትሩ ጌታሁን መኩሪያ (ፒ ኤች ዲ)  የ3 ወር የስራ አፈፃፀም ማብራሪያ ለጋዜጠኞች ሰጥተዋል። https://t.co/bUsa3BZDAN",0,1,6,0,0,,
https://twitter.com/fdremoe/status/1313782686562111488,2020-10-07T10:06:16.000Z,"በትምህርት ሥርዓቱ ላይ ያለው የሀብት ምደባ ህፃናቶችን ታሳቢ ያደረገ መሆን እንዳለበት ተገለፀ፡፡
-----------------------
የትምህርት ሚኒስቴር በትምህርት ዘርፍ ላይ እየተካሄዱ ባሉ ሪፎርሞች ላይ ከህዝብ ተወካዬች ምክር ቤት አባላት ጋር ተወያይቷል ። https://t.co/09fPwm53x1",0,0,7,0,0,,
https://twitter.com/fdremoe/status/1313782098159906818,2020-10-07T10:03:55.000Z,"በትምህርት  ቤቶች  ኮሮናን ለመከላከል መምህራን ሀገራዊ ኃላፊነታቸውን እንዲወጡ ጥሪ ቀረበ፡፡
የትምህርት ሚኒስቴር የኮቪድ 19 ተፅዕኖን በመቋቋም ትምህርት ቤቶችን ዳግም ለመክፈት የሚያስቸሉ የቅድመ ዝግጅት ስራዎችን እየሰራ ነው ፡፡ https://t.co/zn7KGeR5F3",0,0,2,0,0,,
https://twitter.com/fdremoe/status/1313781234338795520,2020-10-07T10:00:29.000Z,"በተቀናጀ የተግባር ተኮር የትምህርት ብርሃን ፈተና በሀገር አቀፍ ደረጃ ሊሰጥ መሆኑን ትምህርት ሚኒስቴር ገለፀ፡፡
ትምህርት ሚኒስቴር በትምህርት ዘርፉ እያካሄደ ካለው የሪፎርም ስራ ውስጥ የተቀናጀ የተግባር ተኮር ጎልማሶች ትምህርት፡፡ https://t.co/xlYr2MpooS",0,0,2,0,0,,
https://twitter.com/fdremoe/status/1313780146554404865,2020-10-07T09:56:10.000Z,የ2ኛ ደረጃ ትምህርት ተቋማት ከቀለም ትምህርት በተጓዳኝ የሙያ ማሰልጠኛ ተቋማት እንዲሆኑ የሥርዓተ ትምህርት ክለሳ እየተደረገ ነው:- ትምህርት ሚኒስቴር https://t.co/sk3KQbsGjJ,0,0,2,0,0,,
https://twitter.com/fdremoe/status/1313779450350272512,2020-10-07T09:53:24.000Z,መምህራን ትውልድን በመቅረፅ ትልቅ ሚና  አላቸው ለመምህራን አስፈላጊውን እውቅና እና ክብር መስጠት ያስፈልጋል ብለዋል፡፡መንግስትም  በሀገር አቀፍ ደረጃ የመምህራን ቀን  እንዲከበር መወሰኑንም ሚኒስትር ዴኤታው ገረመው ሁሉቃ (ዶ/ር)ተናግረዋል፡፡ https://t.co/32Z8QQZDiF,0,0,5,0,0,,
https://twitter.com/fdremoe/status/1310945033529503761,2020-09-29T14:10:26.000Z,ትምህርት ሚኒስቴር ትምህርት ቤቶችን ለመክፈት የሚያስችል  አደረጃጀትን ይፋ አደረገ፡፡ https://t.co/ym6mg0kXG5,0,1,3,0,0,,
https://twitter.com/fdremoe/status/1310913600375197698,2020-09-29T12:05:32.000Z,"ሁለት የግል ትምህርት ቤቶች ታግደዋል ፡፡
------------------------------
የኮሮና ቫይረስ ወረርሽኝን ተከትሎ ትምህርት ሚኒስቴር  ያወጣውን የክፍያ መመሪያ ተላልፈው የተገኙ ሁለት የግል ትምህርት ቤቶች  ለግዜው መታገዳቸው ተገልጿል፡፡ https://t.co/B24hpQ7Qlf",0,1,5,0,0,,
https://twitter.com/fdremoe/status/1303585123078733824,2020-09-09T06:44:47.000Z,The Ministry of Education says it is considering conditions to re-open schools. https://t.co/YNqPyOUEtv,1,2,7,1,0,,
https://twitter.com/fdremoe/status/1303326250723926018,2020-09-08T13:36:07.000Z,የትምህርት ቤት ክፍያ ላይ አላስፈላጊ ጭማሪ ያሚደረጉ ትምህርት ቤቶች ላይ እስከ መዝጋት የሚደርስ እርምጃ እንደሚወሰድ ትምህርት ሚኒስቴር አስጠነቀቀ፡፡ https://t.co/MLtRo3LSjm,1,3,4,0,0,,
https://twitter.com/fdremoe/status/1303037775885860864,2020-09-07T18:29:49.000Z,ትምህርት ሚኒሰቴር የ2013 ዓመት ትምህርትን ለመጀመር የሚያስችሉ ሁኔታዎችን ለመቃኘት የጥናት ቡደን ተቋቁሞ ጥናት እያደረገ መሆኑን የትምህርት ሚኒሰቴር ሚኒስትር ዴኤታ አቶ  ሚሊዮን ማቲዎስ ተናግረዋል፡፡ https://t.co/dOg282WEBx,0,0,7,0,0,,
https://twitter.com/fdremoe/status/1299286970435239941,2020-08-28T10:05:27.000Z,የትምህርት ሚኒስትሩ  ዶ/ር ኢንጂ ጌታሁን መኩሪያ  በኢትዮጵያ  የጀርመን መንግስት አምባሳደርን ተቀብለው አነጋገሩ ፡፡ https://t.co/KF9lcyTxcN,0,0,5,0,0,,
https://twitter.com/fdremoe/status/1299286749085077504,2020-08-28T10:04:35.000Z,"The Minister of Education, Dr. Eng. Getahun Mekuriya received the German Ambassador to Ethiopia, had discussion. https://t.co/LdPQXAXaX1",0,0,0,0,0,,
https://twitter.com/fdremoe/status/1299286427671371778,2020-08-28T10:03:18.000Z,"The Ministry of Education farewell Finland co-chairing, who lead the support and cooperation of Finland government https://t.co/dMtJNGdGhH",0,0,2,0,0,,
https://twitter.com/fdremoe/status/1299286292853936128,2020-08-28T10:02:46.000Z,የ ትምህርት ሚኒስቴር  በፊንላንድ መንግስት ይሰጥ የነበረውን ድጋፍ እና ትብብር ሲመሩ ለነበሩት ባለሙያ ሽኝት አካሄደ፡፡ https://t.co/epqagGNwwv,0,1,2,0,0,,
https://twitter.com/fdremoe/status/1298245698106937345,2020-08-25T13:07:49.000Z,"Ministry of education employees  promise  to cut of there one month salary to  ""Gebtea Le Hager "" project https://t.co/61G6LMCTBS",0,0,4,0,0,,
https://twitter.com/fdremoe/status/1298244605964619777,2020-08-25T13:03:28.000Z,የትምህርት ሚኒስቴር  አመራሮች እና ሰራተኞች የአንድ ወር ደሞዛቸውን ለገበታ ለሀገር ፕሮጀክት ለመስጠት ቃል ገቡ። https://t.co/izX45cLalZ,0,0,2,0,0,,
https://twitter.com/fdremoe/status/1297941364634783744,2020-08-24T16:58:30.000Z,"የቀጣይ አመት የትምህርት ምዝገባ ከነሃሴ 20 ጀምሮ እንደሚጀመር ትምህርት ሚኒስቴር አስታወቀ።
----------------------
ሚኒስቴሩ ትምህርት ቤቶች የቀጣይ አመት የትምህርት ምዝገባን ከነሃሴ 20 ጀምረው ማካሄድ ይችላሉ ብሏል። https://t.co/phH3oZsP2F",0,4,4,1,0,,
https://twitter.com/fdremoe/status/1296375892093153280,2020-08-20T09:17:52.000Z,"World bank country director and minister, ministry of education  Dr.eng Getahun Mekuriya  discussed on different educational projects. https://t.co/tGXdxkWMh8",0,1,4,0,0,,
https://twitter.com/fdremoe/status/1296364823664644096,2020-08-20T08:33:53.000Z,የአንድነት ፓርክና የእንጦጦ ፕሮጀክቶች ትልቅ ማሰብ፣ ማቀድና በአጭር ጊዜ ማጠናቀቅን የተማርንባቸው ናቸው፡-ትምህርት ሚኒስቴር https://t.co/T7qz9ID2ze,0,0,6,0,0,,
https://twitter.com/fdremoe/status/1293871438315892736,2020-08-13T11:26:04.000Z,"""The free promotion will not affect the quality of education"" Dr.eng Getahun mekuriya, minister of MOE https://t.co/ebdhOuscXK",0,1,5,0,0,,
https://twitter.com/fdremoe/status/1293871188414996485,2020-08-13T11:25:04.000Z,"""Any school registration before the end of August is  forbidden"" Ministry of education. https://t.co/0KBGHitusy",0,1,3,0,0,,
https://twitter.com/fdremoe/status/1291700527135363073,2020-08-07T11:39:38.000Z,ከ8ኛና 12ኛ ክፍል ውጭ ላሉ ተማሪዎች የነፃ ዝውውር መደረጉ ትምህርት ጥራት ላይ የሚፈጥረው ችግር እንደማይኖር የትምህርት ሚኒስቴር አስታወቀ። https://t.co/3gi3SjTNo8,2,2,2,0,0,,
https://twitter.com/fdremoe/status/1291353598367072256,2020-08-06T12:41:04.000Z,".
ከነሃሴ መጨረሻ ሳምንት በፊት  ምንም አይነት የቀጣይ አመት የትምህርት ምዝገባ ማካሄድ የተከለከለ መሆኑን የትምህርት ሚኒስቴር አስታወቀ። https://t.co/x8ccfyPsam",0,1,1,0,0,,
https://twitter.com/fdremoe/status/1291353186066997248,2020-08-06T12:39:26.000Z,የትምህርት ሚኒስቴር የተማሪዎችን የነፃ ዝውውር ማስፈፀሚያ መመሪያ ይፋ አደረገ፡፡ https://t.co/EV7AmWNIwy,0,0,0,0,0,,
https://twitter.com/fdremoe/status/1291352889429024773,2020-08-06T12:38:15.000Z,የ12ኛ ክፍል ፈተናን ለመፈተን ስልጠና እየወሰዱ ላሉ ሴት አይነስውራን ተማሪዎች የንፅህና መጠበቂያ ድጋፍ ተደረገላቸው:: https://t.co/rYN53DV6vr,0,1,5,0,0,,
https://twitter.com/fdremoe/status/1290582235058507777,2020-08-04T09:35:57.000Z,"የትምህርት ሚኒስቴር የተማሪዎችን የነፃ ዝውውር ማስፈፀሚያ መመሪያ ይፋ አደረገ፡፡
፨፨፨፨፨፨፨፨፨፨፨፨፨፨

የኮቪድ 19ኝ ወረርሽኝ በመከሰቱ ተማሪዎች በነፃ እንዲዛወሩ የተወሰነውን ውሳኔ ተክትሎ  የማስፈፀሚያ መመሪያ ይፋ ተደርጓል፡፡ https://t.co/g7E9kveG05",0,0,2,0,0,,
https://twitter.com/fdremoe/status/1288707222315376640,2020-07-30T05:25:19.000Z,ግድባችን በደለል እንዳይሞላና ለም አፈራችን ተሸርሽሮ እንዳያልቅ   እንዲሁም ትምህርት ቤቶቻችንን ውብና ማራኪ እንዲሆኑ  የክረምቱ  ወቅትና ጊዜ ሳይገባደድ ከወዲሁ የተለያዩ ችግኞችን በመትከል አረንጓዴ ልማታችንን እናፋጥን :: https://t.co/u4R0jM1VuU,0,0,0,0,0,,
https://twitter.com/fdremoe/status/1288086620953030656,2020-07-28T12:19:16.000Z,የአጠቃላይ ትምህርት ዘርፉ ባለፉት አመታት በመጣንበት መንገድ መቀጠሉ አዋጭ ስላልሆነ ወደ ዲጂታል ስርዓት ለመግባት እየሰራን ነው አሉ የትምህርት ሚኒስትሩ ጌታሁን መኩሪያ (ዶ/ር ኢንጂ)። https://t.co/zCCWHMXT06,1,1,4,0,0,,
https://twitter.com/fdremoe/status/1288048273224237057,2020-07-28T09:46:53.000Z,ለአይነ ስውራን ተማሪዎች የ12ኛ ክፍል ፈተናን መፈተን የሚያስችላቸውን የተስማሚ ቴክኖሎጂ ስልጠና መስጠት ተጀመረ። https://t.co/2aDfocJogt,0,0,2,0,0,,
https://twitter.com/fdremoe/status/1286564944968912902,2020-07-24T07:32:40.000Z,ምንም እንኳን በኮቪድ 19 ምክንያት ትምህርት ተቋረጦ የቆየ ቢሆንም ትምህርት ቤቶች በሚከፈቱበት ወቅት ያልተሸፈኑ የትምህርት ይዘቶች ከቀጣዩ የክፍል ደረጃ ጋር በማጣጣም የማካካሻ ትምህርት ይሰጣል፡፡ https://t.co/YojmCHuea7,0,0,5,0,0,,
https://twitter.com/fdremoe/status/1286310368994824192,2020-07-23T14:41:05.000Z,ህዳሴው ግድብ ተጠናቆ ሁሉም ትምህርት ቤቶቻችን የኤሌክትሪክ ሃይል ተጠቃሚ ይሆናሉ የሚለው ተስፋ እውን እንዲሆን ግድቡን ከደለል ለመከላከል ችግኞችን  እየተከልን ነው:- ጌታሁን መኩሪያ (ዶ/ር ኢንጂ.) የትምህርት ሚኒስትር https://t.co/tD4LbXrkdU,0,0,2,0,0,,
https://twitter.com/fdremoe/status/1286182360262877184,2020-07-23T06:12:25.000Z,ቤቴ  ትምህርት ቤቴ ነው ! https://t.co/MyHgBoc4RX,0,0,6,0,0,,
https://twitter.com/fdremoe/status/1285115528047136768,2020-07-20T07:33:12.000Z,https://t.co/q65SWhmcG5,0,0,0,0,0,,
https://twitter.com/fdremoe/status/1285113762639486976,2020-07-20T07:26:11.000Z,"""የትምህርት ሚኒስቴር  አመራሮችና  ሰራተኞች የአረንጓዴ  አሻራ  ቀን ማስጀመሪያ   መርሃ-ግብር “  ሀምሌ 7/2012 ዓ.ም. https://t.co/MEGZTWvTeX",0,0,1,0,0,,
https://twitter.com/fdremoe/status/1285109692096815105,2020-07-20T07:10:01.000Z,ህፃናትንና ሃገር ተረካቢ ወጣቶችን በጋራ እንገንባ ! https://t.co/uhrrF21Yx4,0,0,1,0,0,,
https://twitter.com/fdremoe/status/1285098533469773830,2020-07-20T06:25:41.000Z,"የአጠቃላይ ትምህርት ዘርፉ የ500 ሚሊየን የችግኝ ተከላ መርሃ ግብር በይፋ ተጀመረ።
መርሃ ግብሩ ትምህርት ቤቶች አረንጓዴ እንዲሆኑና ለመማር ማስተማሩ ምቹ እንዲሆኑ ማድረግንም ታሳቢ ያደረገ መሆኑን ጌታሁን መኩሪያ (ዶ/ር ኢንጂ.) ተናግረዋል፡፡ https://t.co/ryYqTfqgYe",0,0,1,0,0,,
https://twitter.com/fdremoe/status/1284121624975945728,2020-07-17T13:43:47.000Z,የትምህርት ስርጭቱ የኮቪድ 19 ቫይረስን ለመከላከል ተማሪዎች ቤታቸው ሆነው መማር እንዲችሉ ለማድረግ የጋምቤላ ክልል ትምህርት ቢሮ ከ1ኛ እስከ 4ኛ ክፍል ትምህርት በሬዲዮ ለመስጠት የሚያስችለውን ሙከራ ጀመረ፡፡ https://t.co/r4KiUL27TR,0,0,0,0,0,,
https://twitter.com/fdremoe/status/1284111466216529927,2020-07-17T13:03:25.000Z,“ኑ! አረጓዴ ልማትን ለቀጣዩ ትውልድ እናውርስ” https://t.co/r6qN9t3YhU,0,0,0,0,0,,
https://twitter.com/fdremoe/status/1284105558451277825,2020-07-17T12:39:57.000Z,"የአጠቃላይ ትምህርት ዘርፉ የ500 ሚሊየን የችግኝ ተከላ መርሃ ግብር በይፋ ተጀመረ።
በችግኝ ተከላው ሁሉም መምህራንና ከ4ኛ ክፍል በላይ ያሉ ተማሪዎች የሚሳተፉ ሲሆን አንድ ተማሪ 40 መምህር ደግሞ 60 ችግኞችን ይተክላሉ፡፡ https://t.co/wYXJzjdUTn",0,0,1,0,0,,
https://twitter.com/fdremoe/status/1284024410991726593,2020-07-17T07:17:30.000Z,ከ8ኛና 12ኛ ክፍል ውጭ ያሉ ተማሪዎች ወደ ቀጣዩ ክፍል ካለፈተና ተዛውረው በዚህ አመት ያመለጣቸውን ትምህርት እስከ 1 ወር ከ15 ቀን ባለው ጊዜ ውስጥ አካክሰው እንዲማሩ ተወስኗል፡፡ https://t.co/bRqdHP82CN,0,0,0,0,0,,
https://twitter.com/fdremoe/status/1284024112814403587,2020-07-17T07:16:19.000Z,ትምህርት ሚኒስቴር የኮቪድ 19ኛን ተጽዕኖ ለመቋቋም 200 አባ ወራ ለአቅመ ደካሞችና ጧሪ ለሌላቸው አረጋውያን የሚሆን የምግብና የአልባሳት ድጋፍ ለአራዳ ክፍለ ከተማ ወረዳ አስተዳደር አስረከበ፡፡ https://t.co/xCla1AmbTs,0,0,0,0,0,,
https://twitter.com/fdremoe/status/1284023289908793345,2020-07-17T07:13:02.000Z,ተማሪዎች ከትምህርት ሚኒስቴር እውቅና ውጪ ከሚለቀቁ አሳሳች መረጃዎች ራሳቸውን እንዲጠብቁ የትምህርት ሚኒስቴር አሳሳበ፡፡ https://t.co/5ydMiB43Wi,0,0,1,0,0,,
https://twitter.com/fdremoe/status/1273937618049400832,2020-06-19T11:16:11.000Z,https://t.co/m9gDKCHkvg,0,0,0,0,0,,
https://twitter.com/fdremoe/status/1271064681902465025,2020-06-11T13:00:10.000Z,https://t.co/MeTxfxIiXZ,0,0,0,0,0,,
https://twitter.com/fdremoe/status/1271064554362097664,2020-06-11T12:59:39.000Z,በ1ኛው ዙር የአረንጓዴ ልማት ፕሮግራም ተተክለው የፀደቁ ችግኞችን የአረንጓዴ ልማት ኮሚቴ አባላት የመስክ ምልከታ አደረጉ:: https://t.co/t5OP3cmcX2,0,0,0,0,0,,
https://twitter.com/fdremoe/status/1271064173150167042,2020-06-11T12:58:08.000Z,"የትምህርት ሚኒስቴር  አመራሮች እና ሠራተኞች ""#ደም #በመለገስ #ህይወት #እናድን"" በሚል መሪ ቃል  በሚኒስቴር መስሪያ ቤቱ ቅጥር ግቢ ተገኝተው ደም ለግሰዋል፡፡ https://t.co/fxmni0Tukj",0,0,0,0,0,"ደም,በመለገስ,ህይወት,እናድን",
