tweet_link,created_at,text,retweet_count,reply_count,like_count,quote_count,impression_count,mentions,hashtags
https://twitter.com/yilkal_kefale/status/1651768128534183942,2023-04-28T01:59:44.000Z,рЅарІѕріЋрІхрѕЏрЅйріЋ ріарЅХ рїЇрѕГрѕЏ рІерѕ║рїЦрѕІ рѕЁрѕЇрЇѕрЅх рІерЅ░рѕ░рѕЏріЮріЋ рїЦрѕЇрЅЁ рѕђрІўріЋ рЅаріГрѕЇрѕЅ рѕўріЋрїЇрѕхрЅхріЊ рЅарѕФрѕ┤ рѕхрѕЮ ріЦрІерїѕрѕѕрїйріЕрЇц рѕѕріГрѕЇрѕІрЅйріЋ рѕЁрІЮрЅЦрЇцрѕѕрЅцрЅ░рѕ░рЅдрЅ╣ріЊ рѕѕрІѕрІ│рїЁ рІўрѕўрІХрЅ╣ рЅарѕЎрѕЅ рѕўрїйріЊріЊрЅхріЋ ріЦрѕўріЏрѕѕрѕЂрЇб,15,0,46,0,3693,,
https://twitter.com/yilkal_kefale/status/1651768123907796992,2023-04-28T01:59:43.000Z,"рѕЮріГріЋрІФрЅ▒рѕЮ рІерѕхрѕГрІЊрЅх ріарѕЇрЅаріЮріљрЅх рІерѕўрїерѕерѕ╗ рѕўрІ│рѕерѕ╗рІЇ рїЦрЇІрЅхріЊ рѕўрїарЇІрЇІрЅх ріљрІЇрЇб
рѕхрѕѕрѕєріљрѕЮ рІеріГрѕЇрѕІрЅйріЋ рѕЁрІЮрЅЦ рІўрѕІрЅѓ рѕ░рѕІрѕЎріЋ рѕѕрѕЏрѕерїІрїѕрїЦ ріаріЋрІ▓рѕЁ ріарІГріљрЅх рѕхрѕГрІЊрЅх ріарѕЇрЅаріЮріљрЅхріЋріЊ рѕЁрїѕрІѕрїЦ рЅ░рїЇрЅБрѕ«рЅйріЋ ріерѕўріЋрїЇрѕЦрЅх рїјріЋ рЅєрѕъ рѕірІФрІѕрїЇрІЮріЊ рѕірЅ│рїѕрѕЇ рІГрїѕрЅБрѕЇрЇб",19,1,42,0,4477,,
https://twitter.com/yilkal_kefale/status/1651768119227043841,2023-04-28T01:59:42.000Z,"рЇЇрЅхрѕЃрІіріљрЅхріЊ ріЦріЕрѕЇріљрЅх ріљрІЇрЇб ріерІџрѕЁ рЅ│рѕфріЕріЊ рѕхріљрѕЇрЅдріЊрІЇ рїІрѕГ рІерѕџрЅЃрѕеріЉ рЅ░рїЇрЅБрѕ«рЅй рЅарѕЎрѕЅ рѕхрѕГрІЊрЅх ріарѕЇрЅаріЮріљрЅх рІерІѕрѕѕрІ│рЅИрІЇ ріЊрЅИрІЇрЇб
рЅарѕЁрїЇріЊ рѕхрѕГрІЊрЅх ріЦріЋрїЁ рЅарІ░рЅд рЇЇрѕГрІх рІерїЇрѕЇрѕЮ рѕєріљ рІерЅАрІхріЋрЇц ріЦріЋрІ▓рѕЂрѕЮ  рІерѕЁрІЮрЅЦрѕЮ рѕєріљ рІеріарїѕрѕГ рїЦрЅЁрѕЮріЊ рЇЇрѕІрїјрЅх рѕЏрѕ│ріФрЅх ріарІГрЅ╗рѕЇрѕЮ::",11,1,33,4,3856,,
https://twitter.com/yilkal_kefale/status/1651768116769173505,2023-04-28T01:59:42.000Z,"рЅарІЏрѕгрІЇ ріЦрѕѕрЅх рІѕріЋрІхрѕЏрЅйріЋ  ріарЅХ рїЇрѕГрѕЏ рІерѕ║рїЦрѕІ рЅарѕхрѕФ рѕІрІГ рЅаріљрЅарѕерЅарЅх рЅарЅ│рїарЅЂ ріЃрІГрѕјрЅй рїЇрІхрІФ рЅ░рЇѕрїйрѕърЅарЅ│рѕЇрЇб ріЦріЋрІ▓рѕЁ ріарІГріљрЅх  ріЦрЅЦрѕфрЅ░ріЮріљрЅх рІЇрІхрЅђрЅхріЋ ріЦріЋрїЁ рІхрѕЇріЋ ріарІФрїјріЊрїйрЇЇрѕЮрЇб рїЦрЇІрЅхріЋ ріЦріЋрїЁ рѕ░рѕІрѕЮріЋ ріарІГрѕ░рїЦрѕЮрЇб
рІерѕЁрІЮрЅБрЅйріЋ рІерЅєрІе рѕўрїѕрѕѕрїФрІЇ рѕхрѕГрІЊрЅ│рІіріљрЅхрЇБ",50,3,157,15,20170,,
https://twitter.com/yilkal_kefale/status/1649316221945249802,2023-04-21T07:36:44.000Z,­ЪЄф­ЪЄ╣­ЪЄф­ЪЄ╣­ЪЄф­ЪЄ╣ https://t.co/b4V4uTAxHN,2,0,44,3,3597,,
https://twitter.com/yilkal_kefale/status/1647212872718594048,2023-04-15T12:18:47.000Z,­ЪЄф­ЪЄ╣­ЪЄф­ЪЄ╣­ЪЄф­ЪЄ╣ https://t.co/Nmeo1qkhbu,18,0,62,5,5372,,
https://twitter.com/yilkal_kefale/status/1643601302293815304,2023-04-05T13:07:41.000Z,рІерЅ░рЇѕрїарѕерІЇріЋ рІерѕ░рѕІрѕЮ рѕхрѕЮрѕЮріљрЅх рІѕрІ░ рѕЁрІЮрЅЦ рѕѕрѕЁрІЮрЅЦ рїЇріЋріЎріљрЅх рЅарѕЏрѕ│рІ░рїЇ рЅ░рІ░рїІрїЇрЇѕріЋ ріерЅйрїЇрѕФрЅйріЋ рІерѕЮріЋрІѕрїБрЅарЅхріЋ рѕўріЋрїѕрІх рѕЏрѕўрЅ╗рЅИрЅх ріарѕѕрЅЦріЋ!!,35,0,127,24,19829,,
https://twitter.com/yilkal_kefale/status/1641693544774615044,2023-03-31T06:46:56.000Z,"рЅарЅцрѕЇрїђрѕЮ рЅЦрѕФрѕхрѕЇрѕх  рЅарЅ░рѕѕрІФрІЕ рѕГрІЋрѕ░ рїЅрІ│рІ«рЅй рІЎрѕфрІФ ріеріарІЇрѕ«рЇЊ рѕЁрЅЦрѕерЅх рІерЇЊрѕФрѕІрѕЏ ріарЅБрѕІрЅх рїІрѕГ рІЇрІГрІГрЅх ріарІхрѕГрїѕріЊрѕЇрЇб
 рЅарѕџріќрѕеріЋ рЅєрІГрЅ│рѕЮ ріерЅ░рѕѕрІФрІЕ ріаріФрѕІрЅх рїІрѕГ рІЇрІГрІГрЅх рІГріќрѕеріЊрѕЇ рЇб 
­ЪЄф­ЪЄ╣­ЪЄф­ЪЄ╣­ЪЄф­ЪЄ╣ https://t.co/zfULJjF7jx",20,0,80,4,4001,,
https://twitter.com/yilkal_kefale/status/1641525269272879104,2023-03-30T19:38:16.000Z,­ЪЄф­ЪЄ╣­ЪЄф­ЪЄ╣­ЪЄф­ЪЄ╣ https://t.co/qGWdNimeBx,56,1,136,8,17021,,
https://twitter.com/yilkal_kefale/status/1641161108558868480,2023-03-29T19:31:14.000Z,https://t.co/ianLbXAA84,0,0,9,0,1432,,
https://twitter.com/yilkal_kefale/status/1638533905857798144,2023-03-22T13:31:40.000Z,рѕѕрѕўрѕІрІЇ рІеріЦрѕхрѕЇрѕЮріЊ ріЦрѕЮріљрЅх рЅ░ріерЅ│рІ«рЅй ріЦріЋрі│ріЋ рѕѕ1444ріЏрІЇ рІерЅЁрІ▒рѕх рѕерѕўрІ│ріЋ рІѕрѕГ рЅарѕ░рѕІрѕЮ ріарІ░рѕерѕ│рЅйрѕЂ рЇб рІерѕерѕўрІ│ріЋ рІѕрѕГ рѕѕрѕЃрїѕрѕФрЅИрІЇ рѕ░рѕІрѕЮ рІ▒ріБ рІерѕџрІФрІ░рѕГрїЅрЅарЅхрЇБ рЅарЇЇрЅЁрѕГрЇБ рЅарѕЏрѕхрЅ░рІІрѕЇ рЇБрЅарѕўрѕерІ│рІ│рЅхріЊ рЅарѕўрЅ░рѕ│рѕ░рЅЦ рІерѕЮріЊрѕ│рѕЇрЇЇрЅарЅх рІѕрЅЁрЅх рІФрІхрѕГрїЇрѕЇріЋ рЇбрѕерѕўрІ│ріЋ ріерѕфрѕЮ! https://t.co/oroLXTWxW9,28,0,110,1,5256,,
https://twitter.com/yilkal_kefale/status/1637857738121158659,2023-03-20T16:44:49.000Z,https://t.co/NjHY7ITqoa,0,0,3,0,1058,,
https://twitter.com/yilkal_kefale/status/1635339745864589313,2023-03-13T17:59:13.000Z,"рІГрѕЁріЋ рѕЏрІхрѕерїЇ рѕхріЋрЅйрѕЇ ріЦрІерЅ│рІе рІФрѕѕрІЇріЋ рѕ░рІЇ рѕарѕФрѕй рІеріЉрѕ« рІЇрІхріљрЅх ріЦріЊ рІерІІрїІ рїЇрѕйрЅарЅх рѕўрѕўрѕѕрѕх ріЦріЋрЅйрѕІрѕѕріЋрЇАрЇА

ріарѕГрѕХ ріарІ░рѕЕ рѕ│рІГрЅарѕѕрїйрїЇ рібрЅхрІ«рїхрІФ рЅарѕѕрїИрїѕрЅй рѕЏрѕѕрЅх ріарІГрЅ╗рѕЇрѕЮрЇАрЇА 
ріарѕГрѕХ ріарІ░рѕЕ рѕІрІГ рЅхріЕрѕерЅх ріарІхрѕГрїѕріЋ рѕўрѕЦрѕФрЅ│рЅйріЋріЋ ріарїаріЊріГрѕеріЋ ріЦріЋрЅђрїЦрѕІрѕѕріЋрЇАрЇА",5,0,29,0,1057,,
https://twitter.com/yilkal_kefale/status/1635339741343129613,2023-03-13T17:59:12.000Z,рЅаріарѕЏрѕФ ріГрѕЇрѕЇ рЅарЅѓ рѕЮрѕГрЅх ріарѕѕрЇц рѕЮрѕГрЅх ріЦріЋрІ░рѕїрѕѕ рЅарѕЏрѕхрѕўрѕ░рѕЇ рІерібрі«ріќрѕџ ріарѕ╗рїЦрѕГ рЅарѕџрѕарѕЕріЊ рІФрѕѕ ріарїЇрЅБрЅЦ рѕЮрѕГрЅх рЅарѕџрѕ░рЅарѕхрЅА ріљрїІрІ┤рІјріЋ ріЦріЊ рІ░рѕІрѕІрІјрЅй рѕІрІГ рѕўріЋрїЇрѕЦрЅх рїЦрЅЦрЅЁ рЅЂрїЦрїЦрѕГ рІФрІ░рѕГрїІрѕЇрЇАрЇА,7,1,34,2,1325,,
https://twitter.com/yilkal_kefale/status/1635339733587861505,2023-03-13T17:59:10.000Z,"рѕѕрІџрѕЁ рІЇрїцрЅх рѕўрїѕріўрЅх рІерѕўрѕхріќ рЇЋрѕ«рїђріГрЅХрЅй рѕЦрѕФ рѕўрїђрѕўрѕГ рЅарѕўрЅ╗рѕІрЅИрІЇ ріљрІЇрЇАрЇА

 ріарѕГрѕХ ріарІ░рѕЕ рЅарѕхрЇІрЅх рІўрѕўріЊрІі рІерІЇріЃ рѕўрѕ│рЅбрІФ рЇЊрѕЮрЇЋ рѕўрїарЅђрѕЮ рЅарѕўрЅ╗рѕЅ рЅарїЇрЅЦрѕГріЊ рѕЦрѕФрІЇ рѕІрІГ рѕўрѕ░рѕерЅ│рІі рѕѕрІЇрїЦ рѕЏрѕЮрїБрЅх рЅйрѕЈрѕЇрЇАрЇА",3,1,20,0,704,,
https://twitter.com/yilkal_kefale/status/1635339730576351233,2023-03-13T17:59:09.000Z,"""ріарѕГрѕХ ріарІ░рѕЕ рѕ│рІГрЅарѕѕрїйрїЇ рібрЅхрІ«рїхрІФ рЅарѕѕрїИрїѕрЅй рѕЏрѕѕрЅх ріарІГрЅ╗рѕЇрѕЮ::

рІерѕўрѕхріќ рЇЋрѕ«рїђріГрЅХрЅй рІѕрІ░ рѕЦрѕФ рЅарѕўрїЇрЅБрЅ│рЅИрІЇ рЅаріарѕЏрѕФ ріГрѕЇрѕЇ рѕѕрѕўрїђрѕўрѕфрІФ рїірІю рЅарЅарїІ рІѕрЅЁрЅх рЅЦрЅ╗ рЅарѕўрЅХ рѕ║рѕЁ рІерѕџрЅєрїарѕГ рѕёріГрЅ│рѕГ рѕўрѕгрЅх рЅарѕўрѕхріќ рѕЏрѕЇрѕЏрЅх рЅ░рЅйрѕЈрѕЇрЇАрЇА https://t.co/1TqPaFElYx",28,1,185,8,8155,,
https://twitter.com/yilkal_kefale/status/1635336724145664000,2023-03-13T17:47:12.000Z,https://t.co/fbGeNp42Vi,3,0,6,1,3768,,
https://twitter.com/yilkal_kefale/status/1632818177049518082,2023-03-06T18:59:24.000Z,рЅарІЏрѕгрІЇ ріЦрѕѕрЅх ріерЇЇрЅ░ріЏ рІЇрїцрЅх ріарѕхрѕўрІЮрїЇрЅБрЅйрѕЂ рѕѕріЦрІЇрЅЁріЊ ріЦріЊ рѕйрѕЇрѕЏрЅх рІерЅарЅЃрЅйрѕЂ рЅ░рѕЏрѕфрІјрЅ╗рЅйріЋ рЅарЅђрїБрІГрѕЮ рѕѕрЅхрѕЮрѕЁрѕГрЅх рЅарѕЮрЅхрѕ░рѕЏрѕЕрЅарЅх рЅ░рЅІрѕЮ рІерѕІрЅђ рІЇрїцрЅх ріЦріЋрІхрЅ│рѕхрѕўрІўрїЇрЅА ріарІ░рѕФ рѕѕрѕЏрѕѕрЅх ріЦрІѕрІ│рѕѕрѕЂрЇб,7,0,24,0,1091,,
https://twitter.com/yilkal_kefale/status/1632818173572464640,2023-03-06T18:59:23.000Z,рЅБрѕѕрѕўрѕЇріФрѕЮ рѕхрЅЦрІЋріЊ рЅхрІЇрѕЇрІх рїЇріЋрЅБрЅ│ рІ░рїЇрѕъ рЅаріаріЋрІх рїђріЋрЅарѕГ рІерѕџрѕўрїБ ріарІГрІ░рѕѕрѕЮрЇб рЅаріЦрІЇрЅђрЅ▒ріЊ рЅарЅйрѕјрЅ│рІЇ рІерѕџрЅ░рѕЏрѕўріЋ рЅхрІЇрѕЇрІх рѕѕрѕЏрЇЇрѕФрЅх рІерѕЮріЊрІ░рѕГрїѕрІЇріЋ рїЦрѕерЅх ріарїаріЊріГрѕеріЋ рѕЏрѕхрЅђрїарѕЇ рІГріќрѕГрЅЦріЊрѕЇрЇб,10,1,38,1,1663,,
https://twitter.com/yilkal_kefale/status/1632818170007306240,2023-03-06T18:59:22.000Z,"рЅарІЏрѕгрІЇ ріЦрѕѕрЅх рЅа12ріЏ ріГрЇЇрѕЇ рЅЦрѕћрѕФрІі рЇѕрЅ░ріЊ рІерѕІрЅђ рІЇрїцрЅх рІФрѕхрѕўрІўрїѕрЅА рЅ░рѕЏрѕфрІјрЅйріЋ ріЦрІЇрЅЁріЊ рѕ░рїЦрЅ░ріЊрѕЇрЇб
рЅхрѕЮрѕЁрѕГрЅх ріарїѕрѕГ рІГрїѕріљрЅБрѕЇрЇцрЅхрІЇрѕЇрІхріЋ рІФрѕхрЅђрїЦрѕІрѕЇрЇбрІеріљрїѕ рѕђрїѕрѕГ рЅ░рѕеріФрЅб рЅхрІЇрѕЇрІх рЅаріЦрІЇрЅђрЅхріЊ рЅаріГрѕЁрѕјрЅх рѕўрЅЦрЅЃрЅх рЅЦрЅ╗ рѕ│рІГрѕєріЋ рѕўрѕЇріФрѕЮ рѕхрЅЦрІЋріЊріЋ рѕўрѕІрЅарѕх ріарѕѕрЅарЅх https://t.co/Eu31r4ScSu",35,1,147,3,6106,,
https://twitter.com/yilkal_kefale/status/1632817565771653120,2023-03-06T18:56:58.000Z,"RT @AMECOONLINE: рІеріарѕЏрѕФ ріГрѕЇрѕЇ рѕГрІЋрѕ░ рѕўрѕЦрЅ░рІ│рІхрѕГ рІГрѕЇрЅЃрѕЇ ріерЇІрѕѕ (рІХ.рѕГ) рЅарѕЋрІЮрЅЦ рЅ░рІѕріФрІ«рЅй рѕўрІхрѕеріГ рІФріљрѕирЅИрІЇ рІІріЊ рІІріЊ ріљрїЦрЅдрЅйрЇд

рѕѕріЁрЅЦрѕерЅ░рѕ░рЅЦ рѕѕрІЇрїЦ ріЦріЋрЅ░рїІрѕѕріЋ! https://t.co/s2zUmXyGL5",14,0,0,0,0,AMECOONLINE,
https://twitter.com/yilkal_kefale/status/1632375092712812546,2023-03-05T13:38:44.000Z,"рІеріарѕЏрѕФріЋ рѕЋрІЮрЅЦ рІерѕўрЅЦрЅх рІерѕЏріЋріљрЅх ріЦріЊ рІерІѕрѕ░ріЋ рїЅрІ│рІ«рЅй рѕѕрѕЏрѕхріерЅарѕГ рібрЅхрІ«рїхрІФрІіріљрЅх рѕўрѕ░рЅБрѕ░рЅбрІФ рїЦрѕІрЅйріЋ ріљрІЇрЇб

рІѕрЅЁрЅ│рІі рІерЇЊрѕѕрЅ▓ріФ рЅйрїЇрѕ«рЅ╗рЅйріЋ рЅЁрЅАрѕЇріљрЅх рІФрѕѕрІЇ рІерѕђрїѕрѕГ рѕўріЋрїЇрѕЦрЅх рѕЮрѕхрѕерЅ│ рѕЦрѕФрЅйріЋ ріФрѕѕрѕўрїаріЊрЅђрЅЂ рІерѕўріљрїЕ ріЊрЅИрІЇрЇб",52,0,184,14,24086,,
https://twitter.com/yilkal_kefale/status/1630944249544945672,2023-03-01T14:53:05.000Z,­ЪЄф­ЪЄ╣­ЪЄф­ЪЄ╣­ЪЄф­ЪЄ╣ https://t.co/ob1MEm3y8d,31,0,131,3,7970,,
https://twitter.com/yilkal_kefale/status/1629449203242921989,2023-02-25T11:52:18.000Z,"рІерІЇрїГ рѕЮріЋрІЏрѕгріЋ рІерѕЏрѕхрїѕріўрЅх ріЦріЊ рЅарЅ░ріф рѕЮрѕГрЅхрѕЮ ріерІЇрїф рІерѕџрїѕрЅА рѕЮрѕГрЅХрЅйріЋ рѕѕрѕЏрѕхрЅђрѕерЅх ріарЅЁрѕЮ рІерЇѕрїарѕе ріљрІЇрЇб

рїЇрЅЦрѕГріЊрІЇ рІерібріЋрІ▒рѕхрЅхрѕф рЇЇрѕІрїјрЅхріЋ рѕўрѕўрїѕрЅЦ ріЦріЋрІ▓рЅ╗рѕЇ рІФрѕхрЅ░рѕ│рѕ░рѕе рѕхрѕѕрѕўрѕєріЉ рЅаріГрѕЇрѕЅ рЅаріерЇЇрЅ░ріЏ рѕўрїаріЋ рІеріаріЕрѕф ріарЅ░рѕГ ріЦріЊ рІерѕхріЋрІ┤ рѕЮрѕГрЅх рѕЏрѕ│рІФ ріљрІЇрЇАрЇА",4,0,21,0,1476,,
https://twitter.com/yilkal_kefale/status/1629449199916834817,2023-02-25T11:52:17.000Z,"рЅаріГрѕЇрѕЅ рІерІѕрІ░рѕЎ ріЦріЊ рІерЅ░рІўрѕерЇЅ рібріЋрІ▒рѕхрЅхрѕфрІјрЅйріЋ рѕўрѕЇрѕХ рѕЏрїаріЊріерѕГріЋ рїерѕЮрѕ« рібріЋрЅерѕхрЅхрѕўріЋрЅхріЋ рІѕрІ░ рѕЏрѕхрЇІрЇІрЅх рІерїѕрЅБріљрІЇ рѕ░рѕІрѕЮ рѕхрѕѕрЅ░рїѕріў ріљрІЇрЇб
рѕЮрѕГрЅ│рѕЏріљрЅхріЋ рѕѕрѕЏрѕ│рІ░рїЇрЇБ https://t.co/myDcS5oW1q",37,1,143,8,9453,,
https://twitter.com/yilkal_kefale/status/1629133656009711618,2023-02-24T14:58:26.000Z,"рїаріЋріФрѕФ рІЇрѕхрїБрІі ріаріЋрІхріљрЅх рІФрѕѕрІЇ рѕЋрІЮрЅЦ рїаріЋріФрѕФ рѕўрѕфріЋ рІГрІѕрѕЇрІ│рѕЇрЇб ріаріЋрІхріљрЅ▒ріЋріЊ ріГрЅЦрѕЕріЋ рЅарІ░рѕЎрЇц рѕЮрѕГрЅ│рѕЏріљрЅ▒ріЋріЊ ріЦрІхрїѕрЅ▒ріЋ рЅарѕІрЅА рІФрїИріЊрѕЇрЇб 

рЅарѕўрѕєріЉрѕЮ ріаріЋрІхріљрЅ│рЅйріЋ рЅарїІрѕФ рІѕрІ░рѕЇрѕЏрЅх рІерѕЮріЋрѕ╗рїѕрѕГрЅарЅх рІхрѕЇрІхрІГ ріљрІЇріЊ ріЦріЊрїйріЊрІЇ! https://t.co/VH9PqOWpK5",106,0,376,22,19650,,
https://twitter.com/yilkal_kefale/status/1620386047325601797,2023-01-31T11:38:33.000Z,рЅарЅђрїБрІГрѕЮ рІГрЅарѕЇрїЦ ріарІхрїјріЊ рѕѕрѕЮрЅХ рІерІЊрѕѕрѕЮ рЅЁрѕГрѕх рѕЂріќ ріЦріЋрІ▓рѕўрІўрїѕрЅЦ ріЦріЋрѕ░рѕФрѕѕріЋрЇб https://t.co/F0NscCYWsA,4,0,33,0,1722,,
https://twitter.com/yilkal_kefale/status/1620386012777021441,2023-01-31T11:38:25.000Z,"ріеріарїѕрІЇ рЇѕрѕерѕ░ріърЅй рѕЏрѕЁрЅарѕГ рІерѕЮріЋрѕЏрѕерІЇ рїйріЊрЅхріЋ ріљрІЇрЇб рїйріЊрЅх ріФрѕѕріЋ рІерїђрѕўрѕГріљрІЇріЋ рІЊрѕѕрѕЏ рѕЏрѕ│ріФрЅх ріЦріЋрІ░рѕЮріЋрЅйрѕЇ рЅхрѕЇрЅЁ рѕЏрѕ│рІФ ріљрІЇрЇб

рѕхрѕѕрѕєріљрѕЮ рІеріарїѕрІЇ рЇѕрѕерѕ░ріърЅй рЅарІЊрѕЇ ріеріаріФрЅБрЅбрІЇ рѕўрѕѕрІФ рѕЮрѕЇріГрЅхріљрЅх рЅарЅ░рїерѕЏрѕф рІеріарїѕрѕГ рѕљрЅЦрЅх рѕєріќ рЅарЅЁрѕГрѕхріљрЅх рЅ░рѕўрІЮрїЇрЅДрѕЇрЇб",4,1,23,0,2131,,
https://twitter.com/yilkal_kefale/status/1620386011141349377,2023-01-31T11:38:25.000Z,"ріЦріЋрі│ріЋ рѕѕ83ріЏрІЇ рІеріарїѕрІЇ рЇѕрѕерѕ░ріърЅй рѕЏрѕЁрЅарѕГ рЅарІЊрѕЇ ріарІ░рѕерѕ│рЅйрЇц ріарІ░рѕерѕ░ріЋрЇб
рЇѕрѕерѕх рІерѕЏріЋріљрЅхрЇБ рІерЅ│рѕфріГрЇБ рІерЅБрѕЁрѕЇ рѕўрїѕрѕѕрїФ ріљрІЇрЇб рІеріарїѕрІЇ рЇѕрѕерѕ░ріърЅй рІерЇѕрѕерѕхріЋ рїѕрІхрѕЇ рЅарѕЏрѕхрЅ│рІѕрѕх рІФрѕѕрѕЏрЅІрѕерїЦ рѕѕ83 рІЊрѕўрЅ│рЅх рІФрѕЁрѕЇ рІерЅ│рѕфріФрЅИрІЇріЊ рІерЅБрѕЁрѕІрЅИрІЇ ріаріФрѕЇ ріарІхрѕГрїѕрІЇрЅх рЅђрїЦрѕѕрІІрѕЇ",17,1,85,3,5710,,
https://twitter.com/yilkal_kefale/status/1619220752183562240,2023-01-28T06:28:05.000Z,ріЦріЋрі│ріЋ рѕѕ83ріЏрІЇ рІеріарїѕрІЇ рЇѕрѕерѕ░ріърЅй рЅарІЊрѕЇ ріарІ░рѕерѕ░ріЋрЇц ріарІ░рѕерѕ│рЅйрѕЂ!!! ­ЪЄф­ЪЄ╣­ЪЄф­ЪЄ╣­ЪЄф­ЪЄ╣ https://t.co/EpIH80r8z1,21,0,65,1,3288,,
https://twitter.com/yilkal_kefale/status/1619031571679387648,2023-01-27T17:56:21.000Z,рІерѕЁрІЮрЅБрЅйріЋріЋ рѕўрѕарѕерЅ│рІі рЇЇрѕІрїјрЅх рѕЏрѕЪрѕІрЅх рІерѕЮріЋрЅйрѕѕрІЇ рІерїђрѕўрѕГріЊрЅИрІЇріЋ рІерѕўрѕ░рѕерЅ░ рѕЇрѕЏрЅх рЇЋрѕ«рїђріГрЅХрЅй рЅарїірІю рѕЏрїаріЊрЅђрЅЁ рѕхріЋрЅйрѕЇ рЅарѕўрѕєріЉ рѕѕрїЇріЋрЅБрЅ│рІЇ рѕўрїаріЊрЅђрЅЁ рІФрѕЇрЅ░рЅІрѕерїа рІхрїІрЇЇріЊ ріГрЅхрЅхрѕЇ ріЦріЊрІ░рѕГрїІрѕѕріЋрЇб,6,0,25,0,1194,,
https://twitter.com/yilkal_kefale/status/1619031568260993024,2023-01-27T17:56:20.000Z,рЇѕрїБріЋ рібрі«ріќрѕџрІФрІі ріЦрІхрїѕрЅх рѕѕрѕЏрѕхрѕўрІЮрїѕрЅЦ рІерѕўрѕ░рѕерЅ░ рѕЇрѕЏрЅх рЅ░рІ░рѕФрѕйріљрЅхріЋ рѕЏрѕерїІрїѕрїЦ рІФрѕхрЇѕрѕЇрїІрѕЇрЇб рІерІ░рЅЦрѕе рѕЏрѕГрЅєрѕх ріарІЇрѕ«рЇЋрѕІріЋ рѕЏрѕерЇірІФрѕЮ рїЇріЋрЅБрЅ│рІЇ рЅ░рїаріЊрЅє ріарїѕрѕЇрїЇрѕјрЅх рѕўрѕхрїарЅх рѕ▓рїђрѕЮрѕГ рѕѕріаріФрЅБрЅбрІЇ рѕЇрѕЏрЅх рѕўрЇІрїаріЋ ріарІГріљрЅ░ріЏ рѕџріЊ рІГріќрѕерІІрѕЇрЇб,6,1,34,0,1855,,
https://twitter.com/yilkal_kefale/status/1619031565673062401,2023-01-27T17:56:20.000Z,рЅарІЏрѕгрІЇ ріЦрѕѕрЅх рІерІ░рЅЦрѕе рѕЏрѕГрЅєрѕх ріарІЇрѕ«рЇЋрѕІріЋ рѕЏрѕерЇірІФ рїЇріЋрЅБрЅ│ рѕњрІ░рЅхріЋ рЅ░рѕўрѕЇріГрЅ░ріЊрѕЇрЇб рІеріарІЇрѕ«рЇЋрѕІріЋ рѕЏрѕерЇірІФрІЇріЋ рїЇріЋрЅБрЅ│ рЅарЅ░рІФрІўрѕѕрЅх рїірІю рѕЏрїаріЊрЅђрЅЁ рІерѕџрІФрѕхрЅйрѕЅ рѕхрѕФрІјрЅй ріЦрІерЅ░ріеріЊрІѕріЉ ріљрІЇрЇб https://t.co/zumPPlPrYA,16,1,95,0,6182,,
https://twitter.com/yilkal_kefale/status/1618884494651432960,2023-01-27T08:11:55.000Z,рібрЅхрІ«рїхрІФ рЅ│рѕЮрѕГрЅх !!! ­ЪЄф­ЪЄ╣­ЪЄф­ЪЄ╣­ЪЄф­ЪЄ╣ https://t.co/liBgAf5jMB,15,0,81,7,4884,,
https://twitter.com/yilkal_kefale/status/1618689697332469773,2023-01-26T19:17:52.000Z,рѕѕріарїѕрѕФрЅйрѕЂ ріЦрІхрїѕрЅх рІерЅаріЕрѕІрЅйрѕЂріЋ ріарѕхрЅ░рІІрїйрід рЅарѕЏрЅарѕГріерЅх рѕІрІГ рѕѕрѕЮрЅхрїѕріЎ рѕѕрІѕрїБрЅх рЅ┤рІјрІхрѕ«рѕх рѕхрѕѕрѕйріЊ рѕѕрѕїрѕјрЅйрѕЮ рЅБрѕѕрѕљрЅЦрЅХрЅ╗рЅйріЋ рЅарѕФрѕ┤ріЊ рЅаріГрѕЇрѕЅ рѕўріЋрїЇрѕЦрЅх рѕхрѕЮ рѕІрЅЁ рІФрѕѕ рѕЮрѕхрїІріЊ ріЦрІФрЅђрѕерЅЦріЕрЇц рЅарЅђрїБрІГрѕЮ ріарѕхрЇѕрѕІрїірІЇріЋ рІхрїІрЇЇ ріЦріЋрІ░рѕЮріЊрІ░рѕГрїЇ рѕѕрѕЏрѕерїІрїѕрїЦ ріЦрІѕрІ│рѕѕрѕЂрЇб https://t.co/pX0GwCbEcr,18,0,61,1,2341,,
https://twitter.com/yilkal_kefale/status/1618689009525334027,2023-01-26T19:15:08.000Z,рЅарІЏрѕгрІЇ ріЦрѕѕрЅх рЅарІ░рЅЦрѕе рѕЏрѕГрЅєрѕх ріерЅ░рѕЏ рЅа 400 рѕџрѕірІ«ріЋ рЅЦрѕГ рІерЅ░рїѕріљрЅБрІЇріЋ рїІрІюрѕЇ рЇЋрѕІрѕхрЅ▓ріГ рЇІрЅЦрѕфріФ рѕўрѕГрЅђріЋ рѕхрѕФ ріарѕхрїђрѕЮрѕеріЊрѕЇрЇб рЅарЅ░рїерѕЏрѕфрѕЮ рЅаріерЅ░рѕЏ рїЇріЋрЅБрЅ│рЅИрІЇ рЅ░рїаріЊрЅє рІѕрІ░рѕЮрѕГрЅх рѕЏрѕЮрѕерЅх рІерЅ░рѕИрїІрїѕрѕЕ рЇІрЅЦрѕфріФрІјрЅйріЋ ріЦріЋрЅЁрѕхрЅЃрѕ┤рѕЮ рїјрЅЦріЮрЅ░ріЊрѕЇрЇб https://t.co/ao605deuMk,20,0,63,2,2721,,
https://twitter.com/yilkal_kefale/status/1618621229899939843,2023-01-26T14:45:48.000Z,рЅарІўрѕГрЇЅ рѕѕрЅ░рѕ░рѕЏрѕЕ рЅБрѕѕрѕљрЅЦрЅХрЅй рІерѕЮріЊрІ░рѕГрїѕрІЇріЋ рІхрїІрЇЇ  ріарїаріЊріГрѕеріЋ ріЦріЋрЅђрїЦрѕІрѕѕріЋрЇб,4,0,22,0,939,,
https://twitter.com/yilkal_kefale/status/1618621226338983941,2023-01-26T14:45:47.000Z,"рібрі«ріќрѕџрІФрІі ріЦрІхрїѕрЅх рѕЏрѕхрѕўрІЮрїѕрЅЦ рІерѕџрЅ╗рѕѕрІЇрѕЮ рѕЂрѕЅріЋ ріарЅђрЇЇ рѕЇрѕЏрЅх рЅарѕЏрѕерїІрїѕрїЦ ріљрІЇрЇАрЇА 

рЅарѕўрѕєріЉрѕЮ рѕЏріЉрЇІріГрЅИрѕфріЋрїЇ рІўрѕГрЇЅ рѕѕрЅарѕГріФрЅ│ рІюрїјрЅй рІерѕхрѕФ рІЋрІхрѕЇ рѕўрЇЇрїарѕГ рІерѕџрЅйрѕЇріЊ рѕѕрібрі«ріќрѕџрІФрЅйріЋ ріЦрІхрїѕрЅх ріЦрІЇріЋ рѕўрѕєріЋ рІѕрѕ│ріЮ рЅарѕўрѕєріЉ",6,1,26,1,1253,,
https://twitter.com/yilkal_kefale/status/1618621224065679361,2023-01-26T14:45:47.000Z,рЅарІЏрѕгрІЇ ріЦрѕѕрЅх рЅарІ░рЅЦрѕе рѕЏрѕГрЅєрѕх ріерЅ░рѕЏ ріарѕхрЅ░рІ│рІ░рѕГ рІеріарѕЮрѕФрЅй рібріЋрІ▒рѕхрЅхрѕф рІўрѕГрЇЇ рІерЅ░рѕўрѕерЅ▒ рІЇрїцрЅХрЅйріЋ рЅ░рѕўрѕЇріГрЅ░ріЊрѕЇрЇбрЅарІўрѕГрЇЇ ріЦрІерЅ░рѕўрІўрїѕрЅа рІФрѕѕрІЇ рІЇрїцрЅх рЅ░рѕхрЇІ рѕ░рїф ріљрІЇрЇб рІеріарѕЮрѕФрЅй рібріЋрІ▒рѕхрЅхрѕфрІјрЅй ріЦрІхрїѕрЅхріЊ рѕўрѕхрЇІрЇІрЅх рѕѕріарїѕрѕФрІі рЅЦрѕЇрЇЁрїЇріЊрЅйріЋ рІерѕЏрІГрЅ░ріФ рѕџріЊ ріарѕѕрІЇ https://t.co/Hnl6ErEF8k,22,1,99,5,4788,,
https://twitter.com/yilkal_kefale/status/1618595569856913409,2023-01-26T13:03:50.000Z,рѕхрѕѕрѕєріљрѕЮ рІеріЦріЏрѕЮ рЅђрІ│рѕџ рІ░рѕхрЅ│ рІерѕЁрІЮрЅБрЅйріЋріЋ рѕўрѕарѕерЅ│рІі рЇЇрѕІрїјрЅх рЅ░рѕЪрѕЇрЅХ рѕЏрІерЅх рЅарѕўрѕєріЉ рЅарЅ░рѕѕрІФрІЕ рібріЋрЅерѕхрЅхрѕўріЋрЅх рІўрѕГрЇЇ рІерЅ░рѕ░рѕЏрѕЕ рЅБрѕѕрѕљрЅЦрЅХрЅйріЋ рЅарЅЁрѕГрЅарЅх рЅарѕўрІ░рїѕрЇЇріЊ рїЦрІФрЅёрІјрЅ╗рЅИрІЇріЋ рІ░рѕерїЃ рЅарІ░рѕерїЃ рЅарѕўрѕўрѕѕрѕх рІеріаріФрЅБрЅбрІЇріЋ рѕЇрѕЏрЅх рѕѕрѕЏрѕерїІрїѕрїЦ ріЦріЋрѕ░рѕФрѕѕріЋрЇб,3,0,16,1,758,,
https://twitter.com/yilkal_kefale/status/1618595567344521218,2023-01-26T13:03:49.000Z,рІГрѕћріЋріЋ рѕљрЅЦрЅ▒ріЋ рЅаріарїЇрЅБрЅА ріарѕЇрѕЮрЅ░ріЋ рѕўрїарЅђрѕЮ рІГріќрѕГрЅЦріЊрѕЇрЇб рѕЮрѕГрЅх рѕўрѕхрїарЅх рІерѕџрЅйрѕЇ рЅарЅѓ рѕљрЅЦрЅх рІГрІўріЋ рІерІЇрїГ рїѕрЅарІФ рїарЅБрЅѓ рѕЂріљріЋ рІерЅєрІеріЋрЅарЅхріЋ рѕЮрІЋрѕФрЇЇ  рѕўрІЮрїІрЅх ріарѕѕрЅЦріЋрЇб,4,1,19,1,1338,,
https://twitter.com/yilkal_kefale/status/1618595564374876160,2023-01-26T13:03:49.000Z,"рЅарІЏрѕгрІЇ ріЦрѕѕрЅх рЅарІ░рЅЦрѕе рѕЏрѕГрЅєрѕх ріерЅ░рѕЏ рЅаріарѕЮрѕФрЅй рібріЋрІ▒рѕхрЅхрѕфріЊ рЅаріарїѕрѕЇрїЇрѕјрЅх рІўрѕГрЇЇ ріерЅ░рѕ░рѕЏрѕЕ ріарѕЇрѕџ рЅБрѕѕрѕљрЅЦрЅХрЅй рїІрѕГ рЇЇрѕгрІФрѕЏ рІЇрІГрІГрЅх ріарІхрѕГрїѕріЊрѕЇрЇб

ріаріФрЅБрЅбрІЇ рѕхрѕФ рІѕрІ│рІхріЊ рЅ│рЅ│рѕф рѕЁрІЮрЅЦріЊ рѕўрѕЇрѕЏрЅх рІерѕџрЅйрѕЇ рЅарѕГріФрЅ│ рЇђрїІрІјрЅй ріарѕЅрЅхрЇб https://t.co/BBSllZzF9y",23,1,80,4,5157,,
https://twitter.com/yilkal_kefale/status/1616126746553729048,2023-01-19T17:33:37.000Z,"рЅ░рїЇрЅБрѕГ ріљрІЇрЇб

ріГрѕЇрѕЅ рІерЅ│рІ░рѕѕрІЇріЋ рІерЅ▒рѕфрІЮрѕЮ рѕђрЅЦрЅх рІерїаріЋріФрѕФ рібрі«ріќрѕџ рѕўрѕарѕерЅх рѕѕрѕЏрІхрѕерїЇ ріЦріЋрѕ░рѕФрѕѕріЋрЇб

 рѕЇрІЕріљрЅхріЋ рЅарѕЏріГрЅарѕГ рЅЦрѕјрѕЮ рЅаріЋрїЇрїЇрѕГ рЅарѕўрЅІрїерЅх рѕѕрѕЁрІЮрЅЦ рѕарѕІрѕЮ ріЦріЊ рѕЇрѕЏрЅх ріЦріЕрѕЇ рѕўрѕ░рѕѕрЇЇ рІГрїѕрЅБрѕЇ рЇб",9,0,39,2,1452,,
https://twitter.com/yilkal_kefale/status/1616126743219257349,2023-01-19T17:33:36.000Z,"рЅарїјріЋрІ░рѕГ рІерЅ│рІерІЇ рІерїЦрѕЮрЅђрЅх рЅарІЊрѕЇ ріаріерЅБрЅарѕГ рІерЅ│рѕфріГріЊ рІерЇЇрЅЁрѕГ рѕђрїѕрѕГ рѕўрѕєріЌріЋ рЅарЅ░рїЇрЅБрѕГ рІФрѕхрѕўрѕ░ріерѕе ріљрІЇ рЇб

рІерїјріЋрІ░рѕГ рѕЁрІЮрЅЦ рЅцрЅх рѕѕріЦрїЇрІџріарЅЦрѕёрѕГ рЅЦрѕј ріЦріЋрїЇрІ│ріЋ рЅцрЅ░ріЏ рІерѕџрІФрІ░рѕГрїЇ рѕўрѕхрЅ░ріЋрїЇрІХ рѕЏрІхрѕерїЅ ріеріарЅБрЅХрЅ╣ рІерЅ░рІѕрѕерѕ░ рѕїрѕјрЅйрѕЮ рѕірїІрѕЕрЅх рІерѕџрїѕрЅБ рѕўрѕЇріФрѕЮ https://t.co/bZvHvKEXHg",36,1,190,0,6085,,
https://twitter.com/yilkal_kefale/status/1616119452394831892,2023-01-19T17:04:38.000Z,­ЪЄф­ЪЄ╣­ЪЄф­ЪЄ╣­ЪЄф­ЪЄ╣ https://t.co/2hxuogoSK1,17,0,102,9,17003,,
https://twitter.com/yilkal_kefale/status/1615720946492489728,2023-01-18T14:41:06.000Z,"RT @icipe: This week, @icipe DG&amp;CEO met with Dr @yilkal_kefale, the President of Amhara Regional State, #Ethiopia &amp; discussed plans to rollРђд",3,0,0,0,0,"icipe,icipe,yilkal_kefale",Ethiopia
https://twitter.com/yilkal_kefale/status/1615720767047585792,2023-01-18T14:40:24.000Z,ріЦріЋрі│ріЋ рѕѕрЅЦрѕГрѕЃріљ рїЦрѕЮрЅђрЅ▒ рЅарѕ░рѕІрѕЮ ріарІ░рѕерѕ│рЅйрѕЂ! ­ЪЄф­ЪЄ╣­ЪЄф­ЪЄ╣­ЪЄф­ЪЄ╣ https://t.co/FtddzaL6sU,22,0,145,2,5806,,
https://twitter.com/yilkal_kefale/status/1613863248507305986,2023-01-13T11:39:17.000Z,"рЇІрЅЦрѕфріФрІЇ ріерѕдрѕхрЅх рІѕрѕГ рЅаріІрѕІ рІѕрІ░рѕЏрѕЮрѕерЅх рѕЦрѕФ рІГрїѕрЅБрѕЇрЇАрЇА

рЇІрЅЦрѕфріФрІЇ рѕѕ500 рѕ░рІјрЅй рІерѕЦрѕФ рІЋрІхрѕЇ рІГрЇѕрїЦрѕФрѕЇ",9,0,50,0,1759,,
https://twitter.com/yilkal_kefale/status/1613863246485770243,2023-01-13T11:39:16.000Z,рЅа 2 рЅбрѕірІ«ріЋ рЅЦрѕГ рЅарІ░рЅЦрѕерЅЦрѕГрѕЃріЋ ріерЅ░рѕЏ ріЦрІерЅ░рїѕріљрЅБ рІФрѕѕрІЇ рЇІрЅЦрѕфріФ   рЅарІЊрѕўрЅх 1 рѕ║рѕЁ рІеріцрѕїріГрЅхрѕфріГ рЅ░рѕйріерѕГріФрѕфрІјрЅйріЋ рѕўрїѕрїБрїарѕЮ рІерѕџрІФрѕхрЅйрѕЇ рІерЅ░рѕйріерѕГріФрѕф рѕўрїѕрїБрїарѕџрІФ рЇІрЅЦрѕфріФ ріерѕдрѕхрЅх рІѕрѕФрЅх рЅаріІрѕІ рѕЦрѕФ рІГрїђрѕЮрѕФрѕЇрЇАрЇА https://t.co/EMR3VbYSg8,83,1,389,12,17868,,
https://twitter.com/yilkal_kefale/status/1611635171643506688,2023-01-07T08:05:42.000Z,https://t.co/edl2XSMvsL,18,0,86,2,4531,,
https://twitter.com/yilkal_kefale/status/1610275164456992769,2023-01-03T14:01:31.000Z,"рІерЇќрѕѕрЅ▓ріФ ріарѕўрѕФрѕЕ рѕЁрІЮрЅАріЋ рЅарѕЏрѕхрЅ░рЅБрЅарѕГ рІе2015 рІерЅ░рЅђріЊрїђ рІерЅ░рЇѕрїЦрѕ« рѕђрЅЦрЅх рѕхрѕФ рІЇрїцрЅ│рѕЏ ріЦріЋрІ▓рѕєріЋ рЅарЅхріЕрѕерЅх рѕірѕ░рѕЕ рІГрїѕрЅБрѕЇрЇб

рЅБрѕѕрЇЅрЅх рІЊрѕўрЅ│рЅх рІерЅ░рїѕріЎ рїЦрѕЕ рЅ░рѕъріГрѕ«рІјрЅйріЋ рЅарѕЏрѕхрЇІрЅх рѕѕрЅ░рїЇрЅБрѕЕ рІЇрїцрЅ│рѕЏріљрЅх рЅарЅЂрѕГрїаріЮріљрЅх рѕўрѕхрѕФрЅх рІГрїѕрЅБрѕЇрѕЮрЇб https://t.co/ouECs9v3VD",20,0,72,4,5409,,
https://twitter.com/yilkal_kefale/status/1605242985846824961,2022-12-20T16:45:26.000Z,ріарїѕрѕФрІі рЇІрІГрІ│рІЇрѕЮ рІерїјрѕІ рѕхрѕѕрѕєріљ рІѕрІ░ рЅ░рїЇрЅБрѕЕ рѕЏрІЇрѕерІх рІГрїѕрЅБрѕЇрЇб,5,0,28,1,1244,,
https://twitter.com/yilkal_kefale/status/1605242983078567937,2022-12-20T16:45:25.000Z,ріЦріЋрїЇрІХрЅ╗рЅйріЋ рІѕрІ░ рІЇрЅбрЅи рЅБрѕЋрѕГ рІ│рѕГ ріЦріЋрі│ріЋ рЅарІ░рѕЁріЊ рѕўрїБрЅйрѕЂрЇб  рІе Blue Economy рїЅрІ│рІГ рІЊрѕѕрѕЮ ріарЅђрЇІрІі рѕхрѕѕрѕєріљріЊ ріарїѕрѕФрЅйріЋ рЅарІЇрѕЃ рѕЃрЅЦрЅх рІерЅ│рІ░рѕѕрЅй рЅЦрЅхрѕєріЋрѕЮ рІерѕџрїарЅарЅђрІЇріЋ рІФрѕЁрѕЇ рЅ░рїарЅЃрѕџ рЅБрѕѕрѕўрѕєріЌ рѕЮрѕЂрѕФріЉ рЅ░рѕерЅБрѕГрЅд рѕЮрїБріћ рѕЃрЅЦрЅ▒ріЋ рІѕрІ░ рібрі«ріќрѕџрІЇ рѕўрЅђрІерѕГ рІГрїѕрЅБрѕЇрЇб https://t.co/7E7rQg19c4,23,1,139,2,8611,,
https://twitter.com/yilkal_kefale/status/1605107465430917120,2022-12-20T07:46:55.000Z,рЅхрІЇрѕЇрІ▒ рЅ│рѕфріЕріЋ рЅаріарїЇрЅБрЅА ріарІЇрЅє рЅарІерІўрѕГрЇЅ рібрЅхрІ«рїхрІФріЋ ріерЇЇ ріЦріЋрІ▓рІФрІ░рѕГрїЇрЇц рІерїЦріЋрЅ│рІірЅх рібрЅхрІ«рїхрІФ рїђрїЇріќрЅй ріарѕГрЅаріърЅй рѕЏрѕЁрЅарѕГ рІерѕџрІФрІ░рѕГрїѕрІЇ рїЦрѕерЅх ріЦріЋрІ▓рѕ│ріФ рІеріарѕЏрѕФ ріГрѕЇрѕЇ рѕўріЋрїЇрѕЦрЅх рІерѕџрїарЅарЅЁрЅарЅхріЋ рІхрїІрЇЇ рІФрІ░рѕГрїІрѕЇрЇб,13,0,43,1,1224,,
https://twitter.com/yilkal_kefale/status/1605107463421919234,2022-12-20T07:46:55.000Z,ріарѕГрЅаріЮріљрЅх рЅарїдрѕГ рѕюрІ│ рІхрѕЇ рЅЦрЅ╗ рІерѕџрїѕрѕѕрЇЁ рЅБрѕѕрѕўрѕєріЉрЇц рѕЂрѕЅрѕЮ рІюрїІ рІѕрЅЁрЅ▒ рІерѕџрїарІГрЅђрІЇріЋ рЅ░рїІрІхрѕј рЅарѕўрЇѕрЇђрѕЮ рібрЅхрІ«рїхрІФ ріерЇЇ ріЦріЋрІхрЅхрѕЇ рІерІерЅаріЕрѕЅріЋ рІхрѕГрѕ╗ рѕірІѕрїБ рІГрїѕрЅБрѕЇрЇб https://t.co/Ft2Tt5CVgQ,26,1,126,3,7231,,
https://twitter.com/yilkal_kefale/status/1598578442651443201,2022-12-02T07:22:55.000Z,рЅарїдрѕГріљрЅ▒ рІерІ░рѕерѕ░рІЇріЋ рІЇрІхрѕўрЅх рЅђрѕх рЅарЅђрѕх рѕўрѕЇрѕХ рѕѕрѕўрїѕріЋрЅБрЅх рІеріГрѕЇрѕЅ рѕўріЋрїЇрѕхрЅх рЅарЅЂрѕГрїаріЮріљрЅх рІГрѕ░рѕФрѕЇ,13,0,59,3,0,,
https://twitter.com/yilkal_kefale/status/1598578439988166658,2022-12-02T07:22:54.000Z,"ріарѕЂріЋ рѕІрІГ рІерЅ░рІ░рѕерѕ░рІЇ рІерѕ░рѕІрѕЮ рѕхрѕЮрѕЮріљрЅх ріЦріЋрІ▓рѕ│ріФ ріарЅаріГрѕеріЋ ріЦріЋрѕ░рѕФрѕѕріЋ::

ріерЅхрїЇрѕФрІГ рѕЁрІЮрЅЦ рїІрѕГ рЅ░ріерЅБрЅЦрѕеріЋ рІерѕЮріЋріќрѕГрЅарЅх ріЦріЋрїѓ рѕѕрїдрѕГріљрЅхріЊ ріЦрѕЇрЅѓрЅх рІерѕЮріЋрЇѕрѕІрѕѕрїЇрЅарЅх рїЅрІ│рІГ рѕіріќрѕГ ріарІГрїѕрЅБрѕЮ:: https://t.co/j09KycfmbQ",63,1,265,10,0,,
https://twitter.com/yilkal_kefale/status/1597572308293615617,2022-11-29T12:44:54.000Z,"рѕхрѕГрЅєрЅх ріЦріЊ рІўрѕерЇІ рѕ▓рѕхрЇІрЇІ рЅАрІхріЋрЅ░ріЮріљрЅх ріЦріЊ рѕ░рЇѕрѕГрЅ░ріЮріљрЅхрѕЮ ріарЅЦрѕерІЇ рІГрѕ░рЇІрѕЅрЇб 

рѕЎрѕхріЊріЋ рЅарїІрѕФ ріЦріЋріерѕІріерѕЇрЇб 
рѕхрѕГрЅЁрЅх рѕѕрѕђрїѕрѕГ ріЦрІхрїѕрЅх рЇђрѕГ ріљрІЇрЇб https://t.co/QkxBeTz9D2",97,0,271,4,0,,
https://twitter.com/yilkal_kefale/status/1596902051048353793,2022-11-27T16:21:32.000Z,рЅарѕўрѕєріЉрѕЮ ріеріЦріЋрѕхрѕ│рЅх рѕЃрЅЦрЅх рІерѕЮріЊрїѕріўрІЇ рѕхрїІрЇБ рІѕрЅ░рЅхрЇБ ріЦріЋрЅЂрѕІрѕЇріЊ рѕЏрѕГ рІерѕЮрїЇрЅЦ рІІрѕхрЅхріЊрЅйріЋ рІерѕЮріЊрѕерїІрїЇрїЦрЅарЅхріЊ рібрі«ріќрѕџрІФрЅйріЋ рІѕрІ░рѕІрЅђ рІ░рѕерїЃ рІерѕЮріЊрѕИрїІрїЇрѕГрЅарЅх рЅарѕўрѕєріЉ рЅарїЊріЋрїЊ рІѕрѕерІ│ рІерЅ░рїђрѕўрѕерІЇріЋ ріаріЕрѕф рЅ░рїЇрЅБрѕГ рѕЏрѕхрЇІрЅхріЊ рІўрѕІрЅѓріљрЅ▒ріЋ рѕЏрѕерїІрїѕрїЦ рІГріќрѕГрЅЦріЊрѕЇ,9,0,37,0,0,,
https://twitter.com/yilkal_kefale/status/1596902048699912192,2022-11-27T16:21:32.000Z,ріерЇЇрЅ░ріЏ рѕљрЅЦрЅхріЊ рїИрїІ ріарѕѕріЋрЇб ріерЇЇрЅ░ріЏ рЅЂрїЦрѕГ рІФрѕѕрІЇ рІеріЦріЋрѕхрѕ│рЅх рѕљрЅЦрЅх рЅбріќрѕеріЋрѕЮ рІерѕЮріЊрїѕріўрІЇ рѕЮрѕГрЅх рІЮрЅЁрЅ░ріЏ ріљрІЇрЇб рІўрѕГрЇЅріЋ рЅаріарїЇрЅБрЅА рѕЏрѕЇрѕЏрЅх ріерЅ╗рѕЇріЋ ріерѕФрѕ│рЅйріЋ рЇЇрїєрЅ│ ріарѕЇрЇј рѕѕрѕїрѕјрЅйрѕЮ ріЦріЋрЅ░рѕГрЇІрѕѕріЋрЇб,14,1,48,1,0,,
https://twitter.com/yilkal_kefale/status/1596902044966658049,2022-11-27T16:21:31.000Z,рЅаріарІі рЅЦрѕћрѕерѕ░рЅЦ ріарѕхрЅ░рІ│рІхрѕГ рїЊріЋрїЊ рІѕрѕерІ│ рЅаріЦріЋрѕхрѕ│рЅх рѕљрЅЦрЅх рѕЇрѕЏрЅх рІўрѕГрЇЇ ріЦрІерЅ░ріеріЊрІѕріЉ рІерѕџрїѕріЎ рЅ░рїЇрЅБрѕФрЅхріЋ рЅ░рѕўрѕЇріГрЅ░ріЊрѕЇрЇб ріерІўрѕГрЇЅ рІерѕџрїарЅарЅђрІЇріЋ рІЇрїцрЅх рѕѕрѕЏрїЇріўрЅх рЅарЅ╗рїЇріњ рѕФріЋрЅй рІЮрѕГрІФ рѕЏрѕ╗рѕ╗рІФ рѕЏрІЋріерѕЇріЊ рЅарѕхрїІрІ▓ рЅђрЅарѕї ріЦрІерЅ░рѕ░рѕФ рІФрѕѕрІЇ рЅ░рїЇрЅБрѕГ рЅ░рѕхрЇІ рѕ░рїф ріљрІЇрЇб https://t.co/lB0kgMKLxc,43,1,166,2,0,,
https://twitter.com/yilkal_kefale/status/1596775696428302341,2022-11-27T07:59:27.000Z,рЅаріарѕЏрѕФ ріГрѕЇрѕЇ рЅаріарІі рЅЦрѕћрѕерѕ░рЅЦ рІъріЋ рЅ╗рїЇріњ ріерЅ░рѕЏ рІерѕїрѕЏрЅх рЅхрѕЕрЇІрЅх рѕЏрѕхрЅ░рІІрІѕрЅѓрІФ рѕўрѕГрѕљ рїЇрЅЦрѕГ ріЦрІФріФрѕёрІхріЋ ріљрІЇрЇбрІерѕўрѕГрѕљ рїЇрЅЦрѕГ рІЊрѕІрѕЏрІЇ рЅ░рѕўрїБрїБріЮ рѕЮрїЇрЅЦ рЅарЅЦрІЏрЅх рЅарїЦрѕФрЅх рЅарїѕрЅарІФрІЇ ріЦріЋрІ▓ріќрѕГ рѕЏрѕхрЅ╗рѕЇріЊ рѕѕрѕЂрѕЅрѕЮ рІюрїјрЅй рЅ░рІ░рѕФрѕй рІерѕєріљ рІерѕЮрїЇрЅЦ рѕЦрѕГрІЊрЅх рѕўрїѕріЋрЅБрЅх ріљрІЇрЇб https://t.co/TizTX6I6ow,38,0,139,1,0,,
https://twitter.com/yilkal_kefale/status/1596592546087673856,2022-11-26T19:51:40.000Z,рЅБрѕѕрѕљрЅЦрЅХрЅ╗рЅйріЋ рЅарЅАрѕг рІерЅ░рЅђріЊрїђ ріарїЇрѕ« рібріЋрІ▒рѕхрЅхрѕф рЇЊрѕГріГ рібріЋрЅерѕхрЅх ріЦріЋрІхрЅ│рІ░рѕГрїЅ рїЦрѕф ріЦрІФрЅђрѕерЅЦріЕрЇц рІѕрІ░ рѕхрѕФ рѕѕрѕЮрЅхрїѕрЅА рЅБрѕѕрѕљрЅЦрЅХрЅй ріарѕхрЇѕрѕІрїірІЇріЋ рІхрїІрЇЇ рІерѕЮріЊрІ░рѕГрїЇ рѕўрѕєріЉріЋ рЅарѕФрѕ┤ріЊ рЅаріГрѕЇрѕЅ рѕўріЋрїЇрѕЦрЅх рѕхрѕЮ рѕѕрѕЏрѕерїІрїѕрїЦ ріЦрІѕрІ│рѕѕрѕЂрЇб,6,0,40,0,0,,
https://twitter.com/yilkal_kefale/status/1596592543726469120,2022-11-26T19:51:40.000Z,рібріЋрІ▒рѕхрЅхрѕф рЇЊрѕГрі«рЅйріЋ рІерѕЮріЋрїѕріљрЅБрІЇ рІерѕђрїѕрѕГ рІЇрѕхрїЦ ріЦріЊ рІерІЇрїГ рібріЋрЅерѕхрЅхрѕўріЋрЅхріЋ рѕѕрѕўрѕ│рЅЦріЊ рѕЮрЅ╣ рѕЂріћрЅ│ рѕѕрѕўрЇЇрїарѕГ ріљрІЇрЇб рІерібріЋрЅерѕхрЅхрѕўріЋрЅх рѕўрѕхрЇІрЇІрЅх рІ░рїЇрѕъ рІѕрІ░ рібріЋрІ▒рѕхрЅхрѕф рѕўрѕГ рібрі«ріќрѕџ рѕѕрѕЮріЊрІ░рѕГрїѕрІЇ рѕйрїЇрїЇрѕГ ріарІГріљрЅ░ріЏ рѕџріЊ рІГріќрѕерІІрѕЇрЇб,9,1,56,0,0,,
https://twitter.com/yilkal_kefale/status/1596592539938734084,2022-11-26T19:51:39.000Z,рЅарІЏрѕгрІЇ ріЦрѕѕрЅх рЅарЅАрѕг рІерЅ░рЅђріЊрїђ ріарїЇрѕ« рібріЋрІ▒рѕхрЅхрѕф рЇЊрѕГріГ рѕЏрѕЇрѕЏрЅх рІерѕџрЅйрѕЅ рЅБрѕѕрѕљрЅЦрЅХрЅйріЋ рѕѕрѕЏрѕ│рЅ░рЇЇ рІерїІрѕФ рЇјрѕерѕЮ ріаріФрѕњрІ░ріЊрѕЇрЇб рІерїЇрЅЦрѕГріЊ рІЇрїцрЅХрЅйріЋ рѕЏрЅђріљрЅБрЅарѕГ рІерѕџрЅйрѕЅ рІерЅ░рЅђріЊрїђ ріарїЇрѕ« рібріЋрІ▒рѕхрЅхрѕф рЇЊрѕГрі«рЅйріЋ рѕЏрѕхрЇІрЇІрЅх ріЦрїЁрїЇ ріарѕхрЇѕрѕІрїі ріљрІЇрЇб https://t.co/w554YmP2Ox,35,1,160,3,0,,
https://twitter.com/yilkal_kefale/status/1596186379947749377,2022-11-25T16:57:43.000Z,рЅарѕўрѕєріЉрѕЮ рІерѕЮрѕГрЅх рЅЦріГріљрЅх рЅ░рїарЅЃрѕџріљрЅ│рЅйріЋ рІерѕџрЅђріЋрѕхрЇц рѕЏрїЇріўрЅх рІерѕЮріЋрЅйрѕѕрІЇріЋ рїЦрЅЁрѕЮ рІерѕџрІФрѕ│рїБ рЅарѕўрѕєріЉ рЅарѕ░рЅЦрѕЇ рѕЇрѕЏрЅх рѕхрѕФрЅйріЋ рІѕрЅЁрЅх рІФрѕхрѕўрІўрїѕрЅЦріљрІЇріЋ рѕхрігрЅх рѕЮрѕГрЅ▒ріЋ рІФрѕѕрѕЮріЋрѕЮ рЅЦріГріљрЅх рЅарІѕрЅЁрЅ▒ріЊ рЅарїЦрѕФрЅх рѕѕрѕўрѕ░рЅЦрѕ░рЅЦ рЅарЅ░рЅђріЊрїђ рѕўріЋрїѕрІх рѕўрѕерЅБрѕерЅЦ рІГріќрѕГрЅЦріЊрѕЇрЇб,4,0,24,0,0,,
https://twitter.com/yilkal_kefale/status/1596186376893960193,2022-11-25T16:57:42.000Z,рІГрѕЂріЋ ріЦріЋрїѓ рЅарЅѓ рѕЮрѕГрЅх рѕўрѕхрїарЅх рІерѕџрЅйрѕЇ рІерѕ░рЅЦрѕЇ  рЅЂрѕўріЊ рѕЏрїЇріўрЅх рЅЦрЅ╗ рІерѕўрїерѕерѕ╗ рїЇрЅЦ рѕірѕєріЋ ріарІГрЅйрѕЇрѕЮрЇб рѕЮрѕГрЅхріЊ рѕЮрѕГрЅ│рѕЏріљрЅх рЅарЅ░рїЇрЅБрѕГ рІерѕџрѕѕріФрІЇ рѕ░рЅЦрѕЇріЋ рЅ░ріЋріерЅБріГрЅд рѕѕрЇЇрѕг рЅарѕЏрЅЦрЅЃрЅх рЅЦрЅ╗ рѕ│рІГрѕєріЋ рІФрїѕріўріљрІЇріЋ рѕЮрѕГрЅх рІФрѕѕрѕЮріЋрѕЮ рЅЦріГріљрЅх рѕўрѕ░рЅЦрѕ░рЅЦ рѕхріЋрЅйрѕЇ ріљрІЇрЇб,7,1,31,0,0,,
https://twitter.com/yilkal_kefale/status/1596186374209966080,2022-11-25T16:57:41.000Z,рІерїЅрЅЦріўрЅ│рЅйріЋ рІЊрѕІрѕЏ рЅарІўрѕГрЇЅ рІФріеріЊрІѕріЉ рЅ░рїЇрЅБрѕФрЅх рІЇрїцрЅ│рѕЏ рѕўрѕєріЊрЅИрІЇріЋ рѕѕрѕЏрѕерїІрїѕрїЦріЊ рІерЅ░рїѕріЎ рІЇрїцрЅХрЅйріЋ рІГрЅарѕЇрїЦ ріарїаріЊріГрѕ« рѕѕрѕЏрѕхрЅђрїарѕЇрЇц ріЦріЋрІ▓рѕЂрѕЮ рІФрїІрїарѕЎ рЅйрїЇрѕ«рЅйріЋ рЅарЅ░рїЇрЅБрѕГ ріарІГрЅ░ріЋ рІ░рѕерїЃ рЅарІ░рѕерїЃ рѕўрЇЇрЅхрѕћ рѕѕрѕўрѕхрїарЅх рІФрѕѕрѕў ріљрЅарѕГрЇб,7,1,33,0,0,,
https://twitter.com/yilkal_kefale/status/1596186370909044736,2022-11-25T16:57:41.000Z,"рІерѕ░рЅЦрѕЇ рѕЇрѕЏрЅх рѕЮрѕГрЅ│рѕЏріљрЅх рІерѕџрѕерїІрїѕрїарІЇ рІерѕЮрѕГрЅх рЅЦріГріљрЅхріЋ рѕЏрѕхрЅђрѕерЅх рѕхріЋрЅйрѕЇ ріљрІЇ!

рїЇрЅЦрѕГріЊрЅйріЋ рІѕрІ░ рѕІрЅђ рІ░рѕерїЃ рѕЏрѕИрїІрїѕрѕГ ріарѕЏрѕФрїГ рЅЦрЅ╗ рѕ│рІГрѕєріЋ рІерѕЁрѕЇрІЇріЊ рїЅрІ│рІГ ріљрІЇрЇб рЅарѕЂрѕЅрѕЮ рІеріГрѕЇрѕІрЅйріЋ ріаріФрЅБрЅб рІФрІ░рѕерїЇріљрІЇ рІерѕ░рЅЦрѕЇ рѕЇрѕЏрЅх рїЅрЅЦріЮрЅх рѕхрігрЅ│рѕЏ ріљрЅарѕГрЇб https://t.co/koBBsem2p4",72,1,243,3,0,,
https://twitter.com/yilkal_kefale/status/1593356607433449479,2022-11-17T21:33:13.000Z,рІерїјрѕГрїјрѕФ рЇЋрѕ«рїђріГрЅх рѕѕрѕўрїГрІЇ рЅхрІЇрѕЇрІх рІерѕЮріЊрІѕрѕГрѕ░рІЇ рЅЁрѕГрѕхріЊ рЅ│рѕІрЅЁ рІерібрі«ріќрѕџ рѕЏрІЋріерѕЇ ріљрІЇрЇбрЅарІЏрѕгрІЇ ріЦрѕѕрЅх ріеріГрѕЇрѕІрЅйріЋ рІеріФрЅбріћ ріарЅБрѕІрЅх рїІрѕГ рІерїјрѕГрїјрѕФ рЇЋрѕ«рїђріГрЅх рїЇріЋрЅБрЅ│ рѕњрІ░рЅхріЋ рЅ░рѕўрѕЇріГрЅ░ріЊрѕЇ рїЇріЋрЅБрЅ│рІЇ рЅарЅ░рІФрІўрѕѕрЅх ріЦрЅЁрІх рѕўрѕарѕерЅх ріЦрІерЅ░ріеріЊрІѕріљ рѕўрѕєріЉріЋ ріарІГрЅ░ріЊрѕЇ https://t.co/LyOUdQv3QN,119,0,331,5,0,,
https://twitter.com/yilkal_kefale/status/1592885450666033152,2022-11-16T14:21:00.000Z,"рІерѕЁрІЮрЅАріЋ рЅ░рїарЅЃрѕџріљрЅх рѕѕрѕЏрѕерїІрїѕрїЦ рЅарѕЂрѕЅрѕЮ рІўрѕГрЇЇ рЅ░рїерЅБрїГ рІЇрїцрЅх рѕЏрѕхрѕўрІЮрїѕрЅЦ ріарѕѕрЅЦріЋрЇб

рЅарѕЕрЅЦ рІЊрѕўрЅ▒ рІерЅ░рїѕріЎ рІхрѕјрЅйріЋ ріарїаріЊріГрѕ« рѕѕрѕЏрѕхрЅђрїарѕЇріЊ рІерЅ│рІЕ ріГрЇЇрЅ░рЅХрЅйріЋ рЅаріарїГрѕГ рїірІю рѕѕрѕўрѕЎрѕІрЅх рІерЅ░рЅђріЊрїђ рѕГрЅЦрѕГрЅЦ рѕЏрІхрѕерїЇ рІГріќрѕГрЅЦріЊрѕЇрЇб https://t.co/5w93BNH5Sk",64,0,193,0,0,,
https://twitter.com/yilkal_kefale/status/1591733029575139328,2022-11-13T10:01:41.000Z,"рЅа 1 ріљрїЦрЅЦ 5 рЅбрѕірІеріЋ рЅЦрѕГ рІѕрїГ рІерЅ░рїѕріљрЅБрІЇ рІЕріњрѕ░ріЋ рІерѕЮрїЇрЅЦ рІўрІГрЅх рЇІрЅЦрѕфріФ рЅарІЏрѕгрІЇ ріЦрѕѕрЅх рѕўрѕГрЅђріЋ рѕхрѕФрІЇріЋ рЅарІГрЇІ рїђрѕЮрѕ»рѕЇрЇб
рЅарЅђріЋ ріе 30рѕ║рѕЁ рѕірЅхрѕГ рЅарѕІрІГ рІўрІГрЅх рІерѕЏрѕЮрѕерЅх ріарЅЁрѕЮ ріарѕѕрІЇрЇб рІерѕџрѕ░рѕЕрЅхріЋ ріЦріЊрЅарѕерЅ│рЅ│рѕѕріЋ ріарїЦрѕерІЇ рІФрѕхрЅђрѕўрїАрЅхріЋ рѕѕрѕџрѕ░рѕЕ ріЦріЊрѕхрЅ░рѕІрѕЇрЇІрѕѕріЋрЇб https://t.co/e3OQaksB5R",175,0,533,9,0,,
https://twitter.com/yilkal_kefale/status/1591095927443316736,2022-11-11T15:50:04.000Z,рЅарІ░рЅАрЅЦ рїјріЋрІ░рѕГ рІъріЋ рЇјрїѕрѕФ рІѕрѕерІ│ рЅаріарѕГрѕХ ріарІ░рѕ«рЅй ріЦрІерѕѕрѕЏ рІФрѕѕ рІерѕЕрІЮ рѕ░рЅЦрѕЇріЋ рЅарІЏрѕгрІЇ ріЦрѕѕрЅх ріарІГрЅ░ріЊрѕЇрЇбрІерѕЋрІЮрЅБрЅйріЋріЋ рЅ░рїарЅЃрѕџріљрЅх рѕЏрѕерїІрїѕрїЦ рІерѕџрІФрѕхрЅйрѕЇ рІерѕўрѕЇрѕЏрЅх ріарЅЁрѕЮ рІФрѕѕрІЇ ріљрІЇ рІерЇјрїѕрѕФ рѕЕрІЮ рЅЂрѕўріЊрѕЮ рЅарѕЮрїЇрЅЦ рѕФрѕ│рЅйріЋ рѕѕрѕўрЅ╗рѕЇ ріарЅарѕерЅ│рЅй рІЇрїцрЅх рІерЅ│рІерЅарЅх ріљрІЇ https://t.co/dcxQ91RJAI,65,0,253,3,0,,
https://twitter.com/yilkal_kefale/status/1590689005003210752,2022-11-10T12:53:07.000Z,рІерІ░рЅАрЅЦ рїјріЋрІ░рѕГ рІъріЋрѕЮ рѕ░рЇі рІерѕўрѕЇрѕЏрЅх ріарЅЁрѕЮ рІФрѕѕрІЇріЊ рІерѕЋрІЮрЅБрЅйріЋріЋ рЅ░рїарЅЃрѕџріљрЅх рѕѕрѕЏрѕерїІрїѕрїЦ рЅарѕЮріЊрІ░рѕГрїѕрІЇ рїЦрѕерЅх рЅхрѕЇрЅЁ рІерѕЇрѕЏрЅх рЅђрїБріЊ рѕўрѕєріЉріЋ ріарІГрЅ░ріЋрЅарЅ│рѕЇрЇб https://t.co/Z7Lo10ADbi,11,0,75,5,0,,
https://twitter.com/yilkal_kefale/status/1590688995276734464,2022-11-10T12:53:04.000Z,рІерЇјрїѕрѕФ рІѕрѕерІ│ рІерѕЕрІЮ рѕ░рЅЦрѕЇріЋ рїерѕЮрѕ« рЅаріГрѕЇрѕЅ ріЦрІФрѕѕрѕЏ рІФрѕѕрІЇ рѕ░рЅЦрѕЇ рібрЅхрІ«рїхрІФ рЅаріарїГрѕГ рїірІю рІерѕЮрїЇрЅЦ ріГрЇЇрЅ░рЅиріЋ рѕѕрѕўрѕЎрѕІрЅх рѕѕрѕЮрЅ│рІ░рѕГрїѕрІЇ рїЦрѕерЅх рЅхрѕЇрЅЁ ріарЅЁрѕЮ рІерѕџрѕєріЋ ріљрІЇрЇб https://t.co/sEbhWmEKRV,61,1,270,2,0,,
https://twitter.com/yilkal_kefale/status/1590254681011679232,2022-11-09T08:07:16.000Z,"рІерїЇріЋрЅБрЅ│ рѕхрѕЮрѕЮріљрЅ▒ рІерѕџрЇѕрЇђрѕЮ рІГрѕєріЊрѕЇрЇб

 рІерЅБрѕЁрѕГрІ│рѕГ рѕхрЅ│рІ▓рІерѕЮ рїЇріЋрЅБрЅ│рІЇ рЅа2002 рІЊ.рѕЮ рЅа780 рѕџрѕірІеріЋ рЅЦрѕГ рЅарїђрЅх рІерЅ░рїђрѕўрѕе рѕ▓рѕєріЋ рѕ│рІГрїаріЊрЅђрЅЁ рЅарѕўрЅєрІерЅ▒ рѕЂрѕѕрЅ░ріЏрІЇ рІЎрѕГ рїЇріЋрЅБрЅ│ рЅарѕюрІхрѕ«ріГ рі«ріЋрѕхрЅхрѕФріГрѕйріЋ ріЦріЊ рЅаріцрѕЮ ріцрЅй ріарѕЏріФрѕф рІхрѕГрїЁрЅх рІерѕџріеріЊрІѕріЋ ріљрІЇрЇб https://t.co/vB0cmqPaLp",19,0,80,0,0,,
https://twitter.com/yilkal_kefale/status/1590254667044425728,2022-11-09T08:07:12.000Z,"рІерЅБрѕЁрѕГрІ│рѕГ рІЊрѕѕрѕЮ ріарЅђрЇЇ рѕхрЅ│рІ▓рІерѕЮ рІерѕЏрїаріЊрЅђрЅѓрІФ рїЇріЋрЅБрЅ│ рѕЏрѕхрїђрѕўрѕфрІФ рѕўрѕГрѕљ-рїЇрЅЦрѕГ ріЦрІФріФрѕёрІхріЋ ріљрІЇрЇб

 рІерѕхрЅ│рІ▓рІерѕЎ рЅђрѕф рїЇріЋрЅБрЅ│рІјрЅйріЋ рѕѕрѕЏрїаріЊрЅђрЅЁ ріЦрѕхріе 1.8 рЅбрѕірІеріЋ рЅЦрѕГ рІерѕџрїарІГрЅђрІЇріЋ рїЇріЋрЅБрЅ│ рЅаріГрѕЇрѕЅ рѕўріЋрїЇрѕхрЅх ріЦріЊ рЅБрѕѕрІхрѕГрѕ╗ ріаріФрѕІрЅх рЅхрЅЦрЅЦрѕГ.
.
.
. https://t.co/tmIAJ11qmB",56,1,261,5,0,,
https://twitter.com/yilkal_kefale/status/1589750440660537344,2022-11-07T22:43:35.000Z,рІеріГрѕЇрѕІрЅйріЋ рѕЮрѕхрїЅріЋ рїЇрЅЦрѕГ ріерЇІрІ«рЅйрѕЮ ріерЅарЇірЅ▒ рІерЅ░рѕ╗рѕѕ рѕѕрѕўріГрЇѕрѕЇрЇц рІъріЋріЊ ріерЅ░рѕЏ ріарѕхрЅ░рІ│рІхрѕ«рЅйрѕЮ ріФрѕѕрЇѕрІЇ рІЊрѕўрЅх ріЦрїЦрЇЇ рѕѕрѕўрѕ░рЅЦрѕ░рЅЦ ріарЅЁрІ░ріЋ рѕГрЅЦрѕГрЅЦ ріЦріЋрІхріЊрІ░рѕГрїЇ рЅарѕФрѕ┤ріЊ рЅаріГрѕЇрѕЅ рѕўріЋрїЇрѕЦрЅх рѕхрѕЮ ріарІ░рѕФ рѕѕрѕЏрѕѕрЅх ріЦрІѕрІ│рѕѕрѕЂрЇб https://t.co/mhnQ5I5UIH,7,0,51,0,0,,
https://twitter.com/yilkal_kefale/status/1589750425586049024,2022-11-07T22:43:32.000Z,"рЅарЅ│рѕЏріЮріљрЅх рїЇрЅЦрѕГ рѕўріГрЇѕрѕЇ рѕЁрїІрІіріљрЅх рЅЦрЅ╗ рѕ│рІГрѕєріЋ рѕѕріарїѕрѕГ ріЦрІхрїѕрЅхрЇц рѕѕрІюрїјрЅй ріЕрѕФрЅхріЊ ріГрЅЦрѕГ рїГрѕЮрѕГ ріљрІЇрЇб

рЅарІЏрѕгрІЇ ріЦрѕѕрЅх рѕѕрѕЮрѕхрїЅріЋ рїЇрЅЦрѕГ ріерЇІрІ«рЅйріЊ рЅарІЊрѕўрЅ▒ рІерЅ░рѕ╗рѕѕ ріарЇѕрї╗рїИрѕЮ рѕхрѕѕріљрЅарѕФрЅИрІЇ рІъріЋріЊ ріерЅ░рѕЏ ріарѕхрЅ░рІ│рІхрѕ«рЅй ріЦрІЇрЅЁріЊ рѕ░рїаріЊрѕЇрЇб https://t.co/LEBXYvZQnW",39,1,156,3,0,,
https://twitter.com/yilkal_kefale/status/1589329429595045890,2022-11-06T18:50:38.000Z,"рЅарІ░рЅАрЅЦ рІѕрѕј рІъріЋ рІѕрѕерібрѕЅ рІѕрѕерІ│ рЅаріЕрЅ│ рїѕрїарѕЮ ріЦрІерѕѕрѕЏ рІФрѕѕрІЇріЋ рѕ░ріЋрІ┤ рѕ░рЅЦрѕЇ рЅ░рѕўрѕЇріГрЅ░ріЊрѕЇрЇб ріЦрІерѕѕрѕЏ рІФрѕѕрІЇ рІерѕ░ріЋрІ┤ рѕ░рЅЦрѕЇ рЅЂрѕўріЊрѕЮ ріЦрїЁрїЇ ріарЅарѕерЅ│рЅй рѕўрѕєріЉріЋ ріарІГрЅ░ріЊрѕЇрЇб
рІерѕхріЋрІ┤ріЋ рѕЮрѕГрЅ│рѕЏріљрЅх рѕЏрѕ│рІ░рїЇ рЅарѕЮрїЇрЅЦ рѕФрѕ│рЅйріЋ рЅарѕўрЅ╗рѕЇ ріГрЅЦрѕГріЊ рЅ│рѕфріФрЅйріЋ рІерѕЮріЋрЅђрІГрѕГрЅарЅх ріљрІЇ https://t.co/wa4aOItjOi",84,0,255,2,0,,
https://twitter.com/yilkal_kefale/status/1589307164363046914,2022-11-06T17:22:10.000Z,"ріљрЇЇрѕхрѕЁ рЅарѕ░рѕІрѕЮ рЅхрѕерЇЇ рІѕріЋрІхрѕюрЇб
Lubbuun Kee nagayaan ha boqattuuрЇб
­ЪЄф­ЪЄ╣­ЪЄф­ЪЄ╣­ЪЄф­ЪЄ╣ https://t.co/Ohv6hFxcis",79,0,371,9,0,,
https://twitter.com/yilkal_kefale/status/1587065321885671424,2022-10-31T12:53:53.000Z,рІерЅ░ріерЅарѕерЅй рѕђрїѕрѕГ ріЦріЋрІхрЅхріќрѕеріЋ рІхрѕЁріљрЅхріЋ рѕЏрѕйріљрЇЇ  рІГрїѕрЅБрѕЇрЇб ­ЪЄф­ЪЄ╣­ЪЄф­ЪЄ╣­ЪЄф­ЪЄ╣ https://t.co/e5nqn3Z4UZ,41,0,128,2,0,,
https://twitter.com/yilkal_kefale/status/1587065312863731713,2022-10-31T12:53:51.000Z,"рѕхріЋрІ┤ рѕўрѕѕрѕўріЋ рЅ│рѕфріГ рѕєріЌрѕЇрЇб

рІеріарѕГрѕХ ріарІ░рѕЕ рѕ░рЅЦрѕЇріЊ рЅ│рЅ│рѕфріљрЅх рЅарѕЮрїЇрЅЦ рѕФрѕхріЋ рѕўрЅ╗рѕЇріЋ рѕхріЋрІ┤ріЋ рѕѕрІЇрїГ рїѕрЅарІФ рѕЏрЅЁрѕерЅЦ ріЦріЋрІ░рѕЮріЋрЅйрѕЇ рѕЏрѕ│рІФ ріљрІЇрЇб
рІГрѕЁ рІЇрїцрЅх рѕѕріарѕГрѕХ ріарІ░рѕЕ рІерѕЏрІ│рЅарѕфрІФ рїЇрІЦ рІхрїјрѕЏ рЅарѕЏрІхрѕерїЇ рІерЅ░рїѕріў ріљрІЇрЇб https://t.co/019gpYzHeo",203,1,529,4,0,,
https://twitter.com/yilkal_kefale/status/1585648804618854401,2022-10-27T15:05:09.000Z,"рЅарІ░рїђріЋ ріерЅ░рѕЏ рЅа1 рЅбрѕірІеріЋ рЅЦрѕГ рІѕрїф рІерЅ░рїѕріљрЅБрІЇріЋ рЅ│рІГрѕЮ рїЁрЅЦрѕ░рѕЮ рЇІрЅЦрѕфріФ рѕЦрѕФ ріарѕхрїђрѕЮрѕеріЊрѕЇрЇб 
рЅарЅђріЋ ріарѕЮрѕхрЅх рѕўрЅХ рЅХріЋ рїЁрЅЦрѕ░рѕЮ рІерѕЏрѕЮрѕерЅх ріарЅЁрѕЮ ріарѕѕрІЇрЇб
рЅарЅ░рѕѕрІГрѕЮ рЅаріарїГрѕГ рїірІю рІЇрѕхрїЦ рїЇріЋрЅБрЅ│рІЇріЋ ріарїаріЊрЅє рІѕрІ░рѕхрѕФ рІерїѕрЅБ рЇЋрѕ«рїђріГрЅх рЅарѕўрѕєріЉ рІерЅ░рѕѕрІе рІФрІ░рѕГрїѕрІІрѕЇрЇб ­ЪЄф­ЪЄ╣ https://t.co/kJe8P792kV",139,0,418,4,0,,
https://twitter.com/yilkal_kefale/status/1584901658580078592,2022-10-25T13:36:16.000Z,"рІерЅЙрІГрІЮ рІЇрѕЃ рЇІрЅЦрѕфріФріЋ рІерѕхрѕФ ріЦріЋрЅЁрѕхрЅЃрѕ┤ рЅ░рѕўрѕЇріГрЅ░ріЊрѕЇрЇбрЅарѕ░рІЊрЅх 32рѕ║ рѕїрЅхрѕГ ріЋрї╣рѕЁ рѕўрїарїЦ рІЇрѕЃ рІФрѕўрѕГрЅ│рѕЇрЇб

рЅЙрІГрІЮ рІеріЋрї╣рѕЁ рѕўрїарїЦ рІЇрѕЃ ріарЅЁрѕГрЅдрЅх ріерѕўрЅЁрѕерЇЇ рЅарЅ░рїерѕЏрѕф рѕѕрЅарѕГріФрЅ│ рІюрїјрЅй рІерѕхрѕФ ріЦрІхрѕЇ рЅарѕўрЇЇрїарѕГ рІерЅаріЕрѕЅріЋ ріарѕхрЅ░рІІрїйрід ріЦрІФрЅарѕеріерЅ░ рІерѕџрїѕріЮ рЇІрЅЦрѕфріФ ріљрІЇрЇб https://t.co/DHRpzELW1A",61,0,174,2,0,,
https://twitter.com/yilkal_kefale/status/1584808623145975809,2022-10-25T07:26:34.000Z,"рІерѕЏрІЋрІхріЋ рібріЋрЅерѕхрЅхрѕўріЋрЅх рѕЇрѕЏрЅх ріЋрЅЁріЊрЅёріЋ рІЏрѕг рЅа рЅБрѕЁрѕГрІ│рѕГ ріЦрІФріФрѕёрІхріЋ ріљрІЇрЇб рІерѕЏрІЋрІхріЋ рѕљрЅЦрЅХрЅй рЅарЅ░рѕўрѕѕріерЅх рѕЮріГріГрѕГ ріЦрІФрІ░рѕерїЇріЋ ріљрІЇрЇб
рЅаріарѕЏрѕФ ріГрѕЇрѕЇ рѕѕрїЇріЋрЅБрЅ│ рїЇрЅЦрІЊрЅхрЇБрѕѕрібріЋрІ▒рѕхрЅхрѕф ріЦріЋрІ▓рѕЂ рѕѕрібріљрѕГрїѓ ріарїѕрѕЇрїЇрѕјрЅх рІерѕџрІЇрѕЅ рІеріерЅарѕЕ рѕЏрІЋрІхріЊрЅх рЅарѕхрЇІрЅх рІГрїѕріЏрѕЅрЇб https://t.co/kEjSUh02x4",98,0,237,1,0,,
https://twitter.com/yilkal_kefale/status/1584478452912390144,2022-10-24T09:34:36.000Z,"рѕЂрѕЇрїірІюрѕЮ ріЦріЋрІ░рѕЮріЊрѕИріЋрЇЇ ріарѕЇрїарѕФрїарѕГрѕЮ!

ріЦріЋрІ░рібрЅхрІ«рїхрІФ рѕЁрІЮрЅЦ рїђрїЇріЊ ріЦріЊ ріарѕГрЅаріЏ рІерѕѕрѕЮрЇб  рЅарЅ░рѕѕрІФрІЕ рІўрѕўріЊрЅх рѕѕрЅ░рЅЃрїБрЅарЅх рїЦрЅЃрЅх рѕЂрѕЅ рІФрѕЇрЅ░рЅарїѕрѕерЇц рібрЅхрІ«рїхрІФріЋ рЅарїйріЊрЅхрЇБ рЅарѕўрѕхрІЋрІІрЅхріљрЅх ріГрЅЦрѕГріЊ ріљрї╗рЅиріЋ ріарѕхрїарЅЦрЅє рІФрїИріЊ рѕЁрІЮрЅЦ ріљрІЇрЇб https://t.co/d3kCi6enGo",129,0,308,3,0,,
https://twitter.com/yilkal_kefale/status/1583696358220845056,2022-10-22T05:46:50.000Z,рѕѕрібріЋрІ▒рѕхрЅхрѕфрІЇ ріЦрІхрїѕрЅх рІерЅЦрѕерЅ│ рЅЦрѕерЅх рІўрѕГрЇЅ рѕўрѕ░рѕерЅх ріљрІЇрЇбрЅБрѕЁрѕГрІ│рѕГ рїђріћрѕФрѕЇ рЇЇрѕїріГрѕ┤рЅЦрѕЇріЊ рЇІрІЇріЋрІ░рѕф рЇІрЅЦрѕфріФ рІерЅ░рѕѕрІФрІЕ рІерібріЋрІ▒рѕхрЅхрѕф рѕЏрѕйріљрѕфрІјрЅйріЋ ріЦріЊ рѕўрѕѕрІІрІѕрїФ ріЦрЅЃрІјрЅйріЋ рЅарѕЏрѕЮрѕерЅх ріерІЇрїГ рІерѕџрїѕрЅА рѕЮрѕГрЅХрЅйріЋ рѕѕрѕўрЅ░ріФрЅх ріЦрІФрІ░рѕерїѕ рІФрѕѕрІЇ рїЦрѕерЅх ріарЅарѕерЅ│рЅй ріљрІЇрЇб­ЪЄф­ЪЄ╣ https://t.co/gKqmnMjRDV,69,0,184,1,0,,
https://twitter.com/yilkal_kefale/status/1583154144612823040,2022-10-20T17:52:16.000Z,рЅаріарІі рЅЦрѕёрѕерѕ░рЅЦ ріарѕхрЅ░рІ│рІ░рѕГ рІъріЋ рЅарїЊрїЅрѕ│ рѕйріЕрІ│рІх рІѕрѕерІ│ ріарѕГрѕХ ріарІ░рѕ«рЅй рЅаріЕрЅ│ рїѕрїарѕЮ ріЦрІерѕѕрѕЏ рІФрѕѕрІЇ рІерѕхріЋрІ┤ рѕ░рЅЦрѕЇ рЅ░рѕхрЇІ рѕ░рїф ріљрІЇрЇбріерїЇрЅЦрѕГріЊрІЇ рІерѕџрїѕріўрІЇріЋ рІЇрїцрЅх рЅарЅ░рЇѕрѕѕрїѕрІЇ рІ░рѕерїЃ рѕѕрѕЏрѕ╗рѕ╗рѕЇ рЅБрѕѕрІхрѕГрѕ╗ ріаріФрѕІрЅх рІерЅаріЕрѕІрЅИрІЇріЋ ріарѕхрЅ░рІІрїйрід рѕЏрІхрѕерїЇ рІГріќрѕГрЅБрЅИрІІрѕЇрЇб https://t.co/Kv1gCC3m7M,107,0,247,1,0,,
https://twitter.com/yilkal_kefale/status/1582674231686471680,2022-10-19T10:05:16.000Z,­ЪЄф­ЪЄ╣­ЪЄф­ЪЄ╣­ЪЄф­ЪЄ╣ https://t.co/XjqZ2jpUj8,65,0,187,6,0,,
https://twitter.com/yilkal_kefale/status/1582455476016455681,2022-10-18T19:36:00.000Z,рЅаріарѕЏрѕФ ріГрѕЇрѕЇ рЅарЅ░рѕѕрІФрІЕ ріаріФрЅБрЅбрІјрЅй рЅарЅарїј рЇѕрЅЃрІ░ріЮріљрЅх рЅ░рїЇрЅБрѕФрЅх рѕІрІГ рЅ░рѕ░рѕЏрѕГрЅ│рЅйрѕЂ рѕўрѕЇріФрѕЮ рЅ░рїЇрЅБрѕГ рѕѕрЇѕрїИрѕЏрЅйрѕЂ рІѕрїБрЅХрЅй рЅарѕФрѕ┤ріЊ рЅаріГрѕЇрѕЅ рѕўріЋрїЇрѕЦрЅх рѕхрѕЮ рѕІрЅЁ рІФрѕѕ рѕЮрѕхрїІріЊ ріарЅђрѕГрЅБрѕѕрѕЂрЇб https://t.co/7oQl0lJeJt,13,0,62,0,0,,
https://twitter.com/yilkal_kefale/status/1582455450393407488,2022-10-18T19:35:54.000Z,рЅарїјріљрЅх рѕўрїѕрѕѕрїФрІЇ рЅЦрІЎрЇц рЅ░рїЇрЅБрѕЕ рІеріерЅарѕе ріљрІЇрЇб ріерѕФрѕх ріарѕЇрЇј рѕѕрѕїрѕјрЅй рѕўрЅхрѕерЇЇрЇц рЅарѕФрѕх рЅ░ріљрѕ│рѕйріљрЅх рѕѕрЅарїј рІЊрѕІрѕЏ рѕўрЅхрїІрЅх рІерѕхрѕЇрїБріћ рѕўрїѕрѕѕрїФ ріљрІЇрЇб ріарїѕрѕГрѕЮ рІерѕџрЅђрІерѕерІЇ рІюрїјрЅй рЅаріЦріЋрІ▓рѕЁ ріарІГріљрЅх рѕўрѕЇріФрѕЮ рЅ░рїЇрЅБрѕГ рѕІрІГ рЅ░рѕ░рѕЏрѕГрЅ░рІЇ рІерІхрѕГрѕ╗рЅИрІЇріЋ рѕ▓рІФрЅарѕеріГрЅ▒ ріљрІЇрЇб https://t.co/R0orieSGNx,51,1,164,0,0,,
https://twitter.com/yilkal_kefale/status/1581708709881057280,2022-10-16T18:08:37.000Z,"рѕѕрѕдрѕЦрЅх рЅђріЊрЅх рѕ▓ріФрѕћрІх рІеріљрЅарѕерІЇ 10ріЏрІЇ рїБріЊ рЇјрѕерѕЮ рЅарѕ░рѕІрѕЮ рЅ░рїаріЊрЅІрѕЇрЇб ріерЇјрѕерѕЮ рїјріЋ рѕѕрїјріЋ ріерЅ░рѕѕрІФрІЕ рІеріарЇЇрѕфріФ рѕђрїѕрѕФрЅх рѕўрѕфрІјрЅй рїІрѕГ рЅарЅхрЅЦрЅЦрѕГ рѕѕрѕўрѕхрѕФрЅх рѕхрігрЅ│рѕЏ рІЇрІГрІГрЅХрЅй ріарІхрѕГрїѕріЊрѕЇрЇб рЅарЅБрѕЋрѕГрІ│рѕГ ріерЅ░рѕЏ рІерѕџрїѕріЎ рІерЅ░рѕѕрІФрІЕ рЅдрЅ│рІјрЅйріЋ рЅарїІрѕФ рЅ░рѕўрѕЇріГрЅ░ріЊрѕЇрЇб 
­ЪЄф­ЪЄ╣ https://t.co/BoUxhwlIGj",91,0,239,2,0,,
https://twitter.com/yilkal_kefale/status/1581641585069936642,2022-10-16T13:41:54.000Z,"рІГрѕћріЋріЋ рІЇрїцрЅх ріарїаріЊріГрѕ« рѕѕрѕЏрѕхрЅђрїарѕЇ рЅарІерІ░рѕерїЃрІЇ рІерѕЮріЋрїѕріЮ рѕЂрѕЅрѕЮ рІерІўрѕГрЇЅ ріарѕўрѕФрѕ«рЅйрЇБ рЅ░рЅІрѕЏрЅхріЊ рЅБрѕѕрІхрѕГрѕ╗ ріаріФрѕІрЅх рѕГрЅЦрѕГрЅЦ рѕЏрІхрѕерїЇ рІГріќрѕГрЅЦріЊрѕЇрЇб

­ЪЄф­ЪЄ╣­ЪЄф­ЪЄ╣­ЪЄф­ЪЄ╣ https://t.co/oYkYSIePVD",24,0,95,1,0,,
https://twitter.com/yilkal_kefale/status/1581641562257494017,2022-10-16T13:41:48.000Z,рЅаріарѕЏрѕФ ріГрѕЇрѕЇ рѕ░рѕюріЋ рѕИрІІ рІъріЋ рІерѕърѕерЅхріЊ рїЁрѕЕ рІѕрѕерІ│ ріарѕГрѕХ ріарІ░рѕ«рЅй рЅаріЕрЅ│ рїѕрїарѕЮ ріЦрІФрѕѕрѕЎрЅх рІФрѕѕрІЇ рІерѕхріЋрІ┤ рѕ░рЅЦрѕЇ рѕЇрѕЏрЅх рЅарѕЮрїЇрЅЦ ріЦрѕЁрѕЇ рѕФрѕ│рЅйріЋріЋ ріЦріЋрІ░рѕЮріЋрЅйрѕЇ ріаріЋрІ▒ рѕЏрѕ│рІФ ріљрІЇрЇб https://t.co/qQp4XNUPwK,207,1,552,7,0,,
https://twitter.com/yilkal_kefale/status/1581349492330098689,2022-10-15T18:21:13.000Z,"рЅБрѕЁрѕГрІ│рѕГ рІЕріњрЅерѕГрѕхрЅ▓ ріерѕўрѕЏрѕГ рѕЏрѕхрЅ░рѕЏрѕГ рѕхрѕФрІѕрЅй рїјріЋ рѕѕрїјріЋ ріЦрІерѕ░рѕФрІЇ рІФрѕѕрІЇ рѕхрѕФ рїЇрѕЕрѕЮ ріљрІЇрЇб 
рїЇрЅбрІѕрЅ╣ріЋ рЅаріарЅхріГрѕЇрЅх рЅарѕЏрѕхрІІрЅЦ  рѕѕрѕїрѕјрЅй рІЕріњрЅерѕГрѕхрЅ▓ ріарѕГріарІФріљрЅх рѕўрѕєріЋ ріЦріЋрІ░рѕџрЅйрѕЇ ріарѕ│рІГрЅирѕЇрЇб ­ЪЄф­ЪЄ╣­ЪЄф­ЪЄ╣­ЪЄф­ЪЄ╣ https://t.co/wIH5veUv7n",88,0,254,5,0,,
https://twitter.com/yilkal_kefale/status/1581243514104741890,2022-10-15T11:20:06.000Z,380 рѕюрЅхрѕГ рІерѕџрѕерІЮрѕўрІЇ ріарІ▓рѕ▒ рІеріарЅБрІГ рІѕріЋрІЮ рІхрѕЇрІхрІГ рїЇріЋрЅБрЅ│ рѕхрѕФ рЅа1 ріљрїЦрЅЦ 4рЅбрѕірІ«ріЋ рЅЦрѕГ рЅарѕєріљ рІѕрїф рЅарЅ╗рІГріЊ рі«рѕЎріњрігрѕйріЋ рі«ріЋрѕхрЅхрѕФріГрѕйріЋ ріФрѕЮрЇЊріњ рЅарЅБрѕЁрѕГрІ│рѕГ ріерЅ░рѕЏ рІЇрѕхрїЦ ріЦрІерЅ░рїѕріљрЅБ рІерѕџрїѕріўрІЇ ріарІ▓рѕ▒ рІеріарЅБрІГ рІѕріЋрІЮ рІхрѕЇрІхрІГ рїЇріЋрЅБрЅ│ рЇЋрѕ«рїђріГрЅхріЋ рїјрЅЦріўрЅ░ріЊрѕЇрЇб https://t.co/44kRPl7BHm,153,0,472,4,0,,
https://twitter.com/yilkal_kefale/status/1580925868188192769,2022-10-14T14:17:53.000Z,рЅаріарЇЇрѕфріФ ріарѕЁрїЅрѕГ рІерѕ░рѕІрѕЮрЇБ рїИрїЦрЅ│ ріЦріЊ рІ░рѕЁріЋріљрЅх рїЅрІ│рІ«рЅй рІЎрѕфрІФ  рЅарѕџрѕўріГрѕерІЇріЊ ріерїЦрЅЁрѕЮрЅх 4- 6/2015 рІЊ.рѕЮ рЅарЅБрѕЋрѕГ рІ│рѕГ  ріерЅ░рѕЏ рЅарѕџріФрѕёрІ░рІЇ 10ріЏрІЇ рІерїБріЊ рЇјрѕерѕЮ рїЅрЅБріц рІерѕЮрЅхрѕ│рЅ░рЇЅ рІеріарѕЁрїЅрѕфрЅ▒ рѕўрѕфрІјрЅй  ріЦріЋрі│ріЋ рІѕрІ░ рІЇрЅбрЅи  рЅБрѕЁрѕГ рІ│рѕГ ріерЅ░рѕЏ рЅарѕ░рѕІрѕЮ рїѕрЅБрЅйрѕЂрЇб­ЪЄф­ЪЄ╣­ЪЄф­ЪЄ╣ https://t.co/vyy6PcB06d,94,0,293,4,0,,
https://twitter.com/yilkal_kefale/status/1580530175640363009,2022-10-13T12:05:33.000Z,"ріЦріЋрїЇрІХрЅ╗рЅйріЋ ріЦріЋрі│ріЋ рІѕрІ░ рІЇрЅбрЅи рЅБрѕЁрѕГрІ│рѕГ ріерЅ░рѕЏ рЅарІ░рѕЁріЊ рїѕрЅБрЅйрѕЂрЇб   
10ріЏрІЇ рїБріЊ рЇјрѕерѕЮ рЅхріЕрѕерЅ▒ріЋ рЅаріарЇЇрѕфріФ рїИрїЦрЅ│ ріЦріЊ рІ░ріЁріЋріљрЅх рѕІрІГ ріарІхрѕГрїј ріеріљрїѕ рїђрѕЮрѕ« рѕѕ3 рЅ░ріерЅ│рЅ│рІГ рЅђріЊрЅх рЅарЅБрѕЁрѕГрІ│рѕГ ріерЅ░рѕЏ рІГріФрѕёрІ│рѕЇрЇб­ЪЄф­ЪЄ╣­ЪЄф­ЪЄ╣­ЪЄф­ЪЄ╣ https://t.co/pECXwFf33O",72,0,212,1,0,,
https://twitter.com/yilkal_kefale/status/1580113886535389184,2022-10-12T08:31:22.000Z,рѕФрЅФ рЅЦрѕерЅ│ рЅЦрѕерЅх рЇІрЅЦрѕфріФ рѕѕріГрѕЇрѕІрЅйріЋ рЅхрѕЇрЅЁ рІерібрі«ріќрѕџ ріарЅЁрѕЮ ріљрІЇрЇб ріерїірІю рІѕрІ░рїірІю ріЦрІерїерѕўрѕе рІерѕўрїБрІЇріЋ рІерЅЦрѕерЅх ріарЅЁрѕГрЅдрЅх ріЦрїЦрѕерЅхріЋ ріерѕўрЅЁрѕерЇЇ рЅарЅ░рїерѕЏрѕф рѕѕрібріЋрІ▒рѕхрЅхрѕфрІЇ рѕўрѕхрЇІрЇІрЅхріЊ рѕѕрібрі«ріќрѕџрІФрЅйріЋ ріЦрІхрїѕрЅх рІерѕџріќрѕерІЇ рІхрѕГрѕ╗ рІерѕІрЅђ ріљрІЇрЇб https://t.co/yINIKEB7ku,94,0,297,2,0,,
https://twitter.com/yilkal_kefale/status/1579353468959014912,2022-10-10T06:09:44.000Z,"рЅарѕхріЋрІ┤ рѕЮрѕГрЅх рІерЅ░рѕўрІўрїѕрЅарІЇ рѕхрігрЅх рібрЅхрІ«рїхрІФ рЅаріарїГрѕГ рїірІю рІЇрѕхрїЦ рѕЮрѕГрЅ│рѕЏріљрЅиріЋ рЅарѕЏрѕ│рІ░рїЇ ріерІхрѕЁріљрЅх рѕўрІЇрїБрЅх ріЦріЋрІ░рѕЮрЅхрЅйрѕЇ рЅарїЇрѕЇрїй рІФрѕўрѕІріГрЅ│рѕЇрЇб 

рібрЅхрІ«рїхрІФ рЅаріарїГрѕГ рїірІю рІЇрѕхрїЦ рЅарѕхріЋрІ┤ рѕЇрѕЏрЅх ріерЇЇрЅ░ріЏ ріЦрѕЮрѕГрЅ│ ріарѕхрѕўрІЮрїЇрЅБрѕѕрЅйрЇб­ЪЄф­ЪЄ╣­ЪЄф­ЪЄ╣­ЪЄф­ЪЄ╣ https://t.co/5c7PwnqpIz",74,0,234,4,0,,
https://twitter.com/yilkal_kefale/status/1578658705570144259,2022-10-08T08:09:00.000Z,https://t.co/bFnIsWP6dd,16,0,82,1,0,,
https://twitter.com/yilkal_kefale/status/1578472840176680961,2022-10-07T19:50:26.000Z,https://t.co/X2xkSTxAiV,34,2,147,1,0,,
https://twitter.com/yilkal_kefale/status/1577753487697448960,2022-10-05T20:11:59.000Z,рЅаріарЅХ рѕЎрѕЅрЅђріЋ ріарІерѕЂ рѕЁрѕЇрЇѕрЅ░ рѕЁрІГрІѕрЅх рІерЅ░рѕ░рѕЏріЮріЋ рїЦрѕЇрЅЁ рѕђрІўріЋ рЅарѕФрѕ┤ріЊ рЅаріГрѕЇрѕЅ рѕўріЋрїЇрѕЦрЅх рѕхрѕЮ ріЦрІерїѕрѕѕрїйрѕЂрЇц рѕѕрЅцрЅ░рѕ░рЅдрЅ╣ріЊ рІѕрІ│рїЁ рІўрѕўрІХрЅ╣ рЅарѕЎрѕЅ рѕўрїйріЊріЊрЅхріЋ ріЦрѕўріЏрѕѕрѕЂрЇб https://t.co/QmH5uOmjiK,24,0,97,3,0,,
https://twitter.com/yilkal_kefale/status/1577002783387127810,2022-10-03T18:28:57.000Z,"ріарѕЇрѕЏ рЅарѕІрЇЅрЅх 30 рІЊрѕўрЅ│рЅх рІФріеріЊрІѕріЊрЅИрІЇріЋ  рѕЦрѕФрІѕрЅй рѕўрїѕрѕЮрїѕрѕЮрЇБ рІФрїІрїарѕЎ рЅйрїЇрѕ«рЅйріЋ рЅаріарїЇрЅБрЅА рѕўрѕѕрІерЅхріЊ рЅарЅђрїБрІГ рЅарѕЮріЋ рѕўрѕЇріЕ рѕўрѕхрЅ░ріФріерѕЇ ріЦріЋрІ│рѕѕрЅарЅх рїЇрѕЇрЇЁ ріарЅІрѕЮ рѕўрІФрІЮ ріарѕѕрЅарЅхрЇб ріарѕЇрѕЏ рІерѕФрѕхріЋ рЅйрїЇрѕГ рЅарѕФрѕх рІерѕўрЇЇрЅ│рЅх ріарЅІрѕЮ рЅарѕўрІФрІЮ рІерЅ░рѕўрѕарѕерЅ░ рІхрѕГрїѓрЅх ріљрІЇрЇб 
­ЪЄф­ЪЄ╣ https://t.co/Cr0nQSjgMm",49,0,158,4,0,,
https://twitter.com/yilkal_kefale/status/1576871812851535872,2022-10-03T09:48:31.000Z,рІеріарѕЏрѕФ рѕЇрѕЏрЅх рѕЏрѕЁрЅарѕГріЋ рЅаріЦрІЇрЅђрЅх рЇБ рЅарїЅрѕЇрЅарЅх ріЦріЊ рЅарїѕріЋрІўрЅЦ ріЦріЋрІ░рїЇрЇЇрЇб­ЪЄф­ЪЄ╣­ЪЄф­ЪЄ╣­ЪЄф­ЪЄ╣ https://t.co/z0y9Zjs4YV,44,0,136,4,0,,
https://twitter.com/yilkal_kefale/status/1576867130804473857,2022-10-03T09:29:55.000Z,рІеріарѕГрѕХ ріарІ░рѕ«рЅй рІеріЉрѕ« рѕЂріћрЅ│ рѕ▓рѕ╗рѕ╗рѕЇріЊ рѕ▓рЅђрІерѕГ ріЦріЋрІ░ ріГрѕЇрѕЇ рѕєріљ ріаріЋрІх рѕђрїѕрѕГ рІерібрі«ріќрѕџ рѕйрїЇрїЇрѕГ рѕѕрѕЏрІхрѕерїЇ рѕЮрЅ╣ рѕЂріћрЅ│ рІГрЇѕрїЦрѕФрѕЇрЇб https://t.co/5P6yg6qksf,10,0,35,0,0,,
https://twitter.com/yilkal_kefale/status/1576867106016174080,2022-10-03T09:29:49.000Z,"рЅарѕЮрІЋрѕФрЅЦ рїјрїЃрѕЮ рІъріЋ рІГрѕЇрѕЏріЊ рІ┤ріЋрѕ│ рІѕрѕерІ│ ріарЅЦріФ рЅђрЅарѕї рЅаріарѕГрѕХ ріарІ░рѕ«рЅй рІерЅ░рІўрїІрїђрІЇріЋ рІерЅ░рЇѕрїЦрѕ« рѕЏрІ│рЅарѕфрІФ рїјрЅЦріЮрЅ░ріЊрѕЇрЇб
рЅаріГрѕЇрѕЅ рІФрѕЅ ріарѕГрѕХріарІ░рѕ«рЅй ріЦрѕхріФрѕЂріЋ ріе27 рѕџрѕірІ«ріЋ рѕюрЅхрѕГ ріфрІЕрЅЦ рЅарѕІрІГ рІерЅ░рЇѕрїЦрѕ« рѕЏрІ│рЅарѕфрІФ ріарІўрїІрїѓрЅ░рІІрѕЇрЇб https://t.co/XOMqnDHXyP",51,1,162,5,0,,
https://twitter.com/yilkal_kefale/status/1576172167661854722,2022-10-01T11:28:23.000Z,ріарІ┤рЅх рїЇрЅЦрѕГріЊ рѕЮрѕГрѕЮрѕГ рѕЏрІЋріерѕЇ ріЦрІФріеріЊрІѕріЊрЅИрІЇ рІерѕџрїѕріЎ рІерѕЮрѕГрѕЮрѕГ рЅ░рїЇрЅБрѕФрЅхріЋ рЅ░рѕўрѕЇріГрЅ░ріЊрѕЇрЇб рѕЏрІЋріерѕЅ рѕЮрѕГрЅх рІерѕџрїерѕЮрѕЕ рІерЅ░рѕ╗рѕ╗рѕЅ рІерѕ░рЅЦрѕЇ рІЮрѕГрІФрІІрЅйріЋ рѕѕріарѕГрѕХріарІ░рѕ«рЅй рѕѕрѕЏрЅЁрѕерЅЦ ріЦрІФрІ░рѕерїѕ рІФрѕѕрІЇ рїЦрѕерЅх ріарЅарѕерЅ│рЅй ріљрІЇрЇб ­ЪЄф­ЪЄ╣­ЪЄф­ЪЄ╣­ЪЄф­ЪЄ╣ https://t.co/b408NTkpbu,93,0,263,2,0,,
https://twitter.com/yilkal_kefale/status/1574747471221297153,2022-09-27T13:07:09.000Z,рІѕріЋрІхрѕю рѕЏрІ▓ріЋрїј ріарЇѕрІѕрѕГрЅЁ рІГрѕЁріЋ рѕўрѕГрІХ рѕўрѕхрѕЏрЅх ріерЅБрІх ріљрІЇрЇб ріе рїђрїЇріќрЅ╣ рІерібрЅхрІ«рїхрІФ рѕ░рѕФрІірЅх рїјріЋ рѕЂріљрѕЁ рІѕрїѕріЋрѕЁ рЅарІѕрѕФрѕфрІЇ рІерЅ░рЅЃрїБрЅарЅхріЋ рІѕрѕерѕФ рѕѕрѕўрѕўріерЅх ріе ріарѕюрѕфріФ рібрЅхрІ«рїхрІФ рѕўрїарѕЁ рѕІрІ░рѕеріерІЇ рѕІрѕ│рІеріИрІЇ рІхрїІрЇЇ  рЅ│рѕфріГ рІГрІўріГрѕГрѕЃрѕЇрЇб ріљрЇЇрѕхрѕЁ рЅарѕ░рѕІрѕЮ рЅхрѕерЇЇрЇб­ЪЄф­ЪЄ╣ https://t.co/EI4Lws2C7G,190,0,721,6,0,,
https://twitter.com/yilkal_kefale/status/1574341304032677888,2022-09-26T10:13:11.000Z,"ріЦріЋрі│ріЋ рѕѕрЅЦрѕГрѕЃріљ рѕўрѕхрЅђрѕЅ рЅарѕ░рѕІрѕЮ рЅарїцріЊ ріарІ░рѕерѕ│рЅйрѕЂрЇб ­ЪЄф­ЪЄ╣­ЪЄф­ЪЄ╣­ЪЄф­ЪЄ╣
ріаріФрЅБрЅбрІФрЅйріЋ ріљрЅЁрЅ░ріЋ рЅарѕўрїарЅарЅЁ рѕЋрІЮрЅБрІі рѕђрѕІрЇіріљрЅ│рЅйріЋ ріЦрІерЅ░рІѕрїБріЋ рЅарІЊрѕЅріЋ ріЦріЊріГрЅЦрѕГрЇб https://t.co/9iTOi85GDe",69,0,279,3,0,,
https://twitter.com/yilkal_kefale/status/1574023928145666048,2022-09-25T13:12:03.000Z,"ріе 500 рѕџрѕірІ«ріЋ рЅЦрѕГ рЅарѕІрІГ рІѕрїГ рІерѕєріљрЅБрЅИрІЇріЋ 10 рѕйрѕЁ 467 рІерІЅрѕЃ рЇЊрѕЮрЇЋ рЅаріГрѕЇрѕЅ рѕўрѕхріќріЊ рЅєрѕІрѕЏ ріаріФрЅБрЅбрІѕрЅй рЅбрѕ« рЅаріЕрѕЇ ріЦрІФрѕ░рѕФрїЕ ріљрІЇрЇб

рїЇрЅЦрѕГріЊрІЇ рѕІрІГ рїЦрѕЕ рѕўріљрЅЃрЅЃрЅх ріарѕѕ рІерЅарѕѕрїарѕЮ ріЦріЋрѕ░рѕФрѕѕріЋрЇб https://t.co/azduO4VBTy",194,0,564,13,0,,
https://twitter.com/yilkal_kefale/status/1573945768880259078,2022-09-25T08:01:28.000Z,"рЅБрѕ│рѕѕрЇЇріљрІЇ рІЊрѕўрЅх 80 рѕ║рѕЁ рѕћріГрЅ│рѕГ рЅарЅарїІ рѕхріЋрІ┤ рѕѕрѕЏрѕЇрѕЏрЅх рЅ│рЅЁрІХ 40 рѕ║рѕЁ рѕћріГрЅ│рѕГ рЅарЅарїІ рІерѕўрѕхріќ рѕхріЋрІ┤ рѕўрѕИрЇѕріЉ рЅхрѕЇрЅЁ рѕхрігрЅх ріљрІЇрЇб
рѕђрїѕрѕФрЅйріЋ рЅарїдрѕГріљрЅх рѕІрІГ рѕєріЊ рѕЂрѕЅрѕЮ ріљрїѕрѕГ рІѕрІ░ рїЇріЋрЅБрѕГ рЅарЅ░рЅБрѕѕрЅарЅх рІѕрЅЁрЅх рІерІЋрЅЁрІ▒ 50 рЅарѕўрЅХ рѕўрѕИрЇѕріЉ ріарѕхрІ░рѕ│рЅй ріљрІЇрЇб ­ЪЄф­ЪЄ╣­ЪЄф­ЪЄ╣­ЪЄф­ЪЄ╣ https://t.co/4LD3TV2GbO",14,0,75,2,0,,
https://twitter.com/yilkal_kefale/status/1573945758512029698,2022-09-25T08:01:25.000Z,"­ЪЄф­ЪЄ╣­ЪЄф­ЪЄ╣  ріарѕГрѕХріарІ░рѕЕ ріерЅхріЋріЋрѕй ріЦрѕхріе рЅхрѕЇрѕЇрЅЁ рїЇрІхрЅдрЅйріЋ рЅарѕўрїарЅђрѕЮ рЅарѕўрѕхріќ рѕЇрѕЏрЅх рѕІрІГ рЅарѕхрЇІрЅх рѕўрѕ│рЅ░рЇЇ ріарѕѕрЅарЅхрЇб
ріарѕГрѕХріарІ░рѕ«рЅй рІерЅарїІ рІерѕўрѕхріќріЋ рѕхріЋрІ┤ рѕЇрѕЏрЅхріЋ ріерІхрѕЁріљрЅх рѕўрІЇрїФ рѕўріЋрїѕрІх рѕірІФрІ░рѕГрїЅрЅх рІГрїѕрЅБрѕЇ ріЦріЏрѕЮ рЅарЅ╗рѕЇріљрІЇ рѕЂрѕЅ рѕЇріЋрІ░рїЇрЇІрЅИрІЇ рІГрїѕрЅБрѕЇрЇб https://t.co/1t3L39WyyN",89,1,279,8,0,,
https://twitter.com/yilkal_kefale/status/1573595089535787008,2022-09-24T08:47:59.000Z,46 рЅбрѕірІеріЋ рЅЦрѕГ рІерѕџрїѕрѕўрЅх рѕђрЅЦрЅх рІФрѕѕрІЇ рЇђрІ░рІГ рЅБріЋріГ рЅЂрїарЅБ ріЦріЊ рібріЋрЅерѕхрЅхрѕўріЋрЅхріЋ рЅарѕЏрЅарѕерЅ│рЅ│рЅх ріЦріЋрІ▓рѕЂрѕЮ рІерѕ┤рЅХрЅйріЋ ріЦріЊ рІерІѕрїБрЅХрЅйріЋ рЅ░рѕ│рЅхрЇј рЅарѕЏрѕ│рІ░рїЇ рЅарібрЅхрІ«рїхрІФ рІерібрі«ріќрѕџ рІЋрІхрїѕрЅх рѕІрІГ рїЅрѕЇрѕЁ ріарѕхрЅ░рІІрЇЁрід рІФрЅарѕеріГрЅ│рѕЇрЇб https://t.co/BwD1m3lS8s,64,0,275,9,0,,
https://twitter.com/yilkal_kefale/status/1572514494420598786,2022-09-21T09:14:06.000Z,рібрЅхрІ«рїхрІФ рѕФрѕиріЋ ріЦрІерЅ░ріерѕІріерѕѕрЅйріЊ ріЦрІФрѕўрѕерЅ░рЅй рІеріерЇЇрЅ│рІІріЋ рїЅрІъ рЅхрЅђрїЦрѕІрѕѕрЅйрЇб ­ЪЄф­ЪЄ╣­ЪЄф­ЪЄ╣­ЪЄф­ЪЄ╣ https://t.co/GjHcMKjFeN,184,0,480,10,0,,
https://twitter.com/yilkal_kefale/status/1571756518621454337,2022-09-19T07:02:10.000Z,рѕђрїѕрѕГ рЅарЅхрЅЦрЅЦрѕГ рѕѕрѕўрїѕріЋрЅБрЅх рІерЅєрІе рібрЅхрІ«рїхрІФрІі ріаріЋрІхріљрЅ│рЅйріЋ ріарїаріЊріГрѕеріЋ рѕўрЅђрїарѕЇ ріарѕѕрЅЦріЋрЇб,75,0,173,3,0,,
https://twitter.com/yilkal_kefale/status/1571756515991883783,2022-09-19T07:02:09.000Z,"рЅарІеріГрѕЇрѕЅ рІФрѕЅ рІерѕўріЋрїЇрѕЦрЅх рЅ░рІѕріФрІ«рЅй рЅарЅ░рѕѕрІГрѕЮ рІерѕЮріГрѕГ рЅцрЅх ріарЅБрѕІрЅх рЅарІеріГрѕЇрѕЅ рІФрѕЅ рѕЋрІЮрЅдрЅйріЋ рЅарѕЏрЅђрѕФрѕерЅЦріЊ рІерїІрѕФ ріЦрѕ┤рЅХрЅйріЋ рЅарѕЏрїаріЊріерѕГ рЅаріЕрѕЇ рЅарѕ░рЇірІЇ рѕўрѕЦрѕФрЅх рІФрѕхрЇѕрѕЇрїІрѕЇрЇб 

ріарѕИрЅБрѕфрІЇ рІерѕЋрІѕрѕЊрЅх рЅАрІхріЋ рІеріерЇѕрЅ░рІЇріЋ рІѕрѕерѕФ рѕЎрѕЅ рЅарѕЎрѕЅ рѕѕрѕўрЅђрѕЇрЅарѕхріЊ рІерЅарѕѕрїИрїѕрЅй . https://t.co/S6ywWSftow",63,1,184,4,0,,
https://twitter.com/yilkal_kefale/status/1571538033039781888,2022-09-18T16:33:59.000Z,"рЇђрІ░рІГ рЅБріЋріГ рІерѕўрѕерїЃ рѕЏрІЋріерѕЇ рїЇріЋрЅБрЅ│ рЅ░рїаріЊрЅє рѕЦрѕФ рїђрѕЮрѕ»рѕЇрЇб рЇђрІ░рІГ рЅБріЋріГ рІЊрѕІрѕЏрІЇріЋ  рѕѕрѕЏрѕ│ріФрЅх рІерїЇрЅЦрѕГріЊрІЇріЋ рІўрѕГрЇЇ рѕўрІ░рїѕрЇЇ ріЦріЊ рѕЇрѕЏрЅхріЋ рѕЏрЇЇрїаріЋ рЅђрІ│рѕџ рІхрѕГрѕ╗рІЇ рѕўрѕєріЋ ріарѕѕрЅарЅхрЇб
рЇђрІ░рІГ рЅБріЋріГ рІўрѕўріЉ рЅБрЇѕрѕФрІЇ рЅ┤ріГріќрѕјрїѓ рѕўрѕЦрѕФрЅ▒ рІерЅ░рѕѕрІе ріЦріЊ рЅ░рѕўрѕФрїГ рІФрІ░рѕГрїѕрІІрѕЇрЇб­ЪЄф­ЪЄ╣ https://t.co/Ys76TVcjTz",54,0,178,5,0,,
https://twitter.com/yilkal_kefale/status/1570232227832676353,2022-09-15T02:05:11.000Z,рЅйрїЇрѕ«рЅйріЋ ріЦрІерїѕрѕўрїѕрѕЎ ріарІерЇѕрЅ▒ рѕўрѕхрѕФрЅх ріЦріЋрІ│рѕѕрЅБрЅИрІЇ ріарЅЁрїБрїФ ріарѕхрЅђрѕЮрїаріЊрѕЇрЇб,8,0,30,0,0,,
https://twitter.com/yilkal_kefale/status/1570232224657833984,2022-09-15T02:05:10.000Z,"рЅарѕ▓рѕџріЋрЅХ рѕЮрѕГрЅх рїЇрЅЦрІГрЅх рѕІрІГ рІерѕџрІФрїІрїЦрѕЎ рЅйрїЇрѕ«рЅйріЋ рѕѕрѕўрЇЇрЅ│рЅх  ріеріарѕЮрѕФрЅй рЇІрЅЦрѕфріФ рІерѕЦрѕФ рѕЃрѕІрЇірІѕрЅй рїІрѕГ  рЅарѕ▓рѕџріЋрЅХ рѕЮрѕГрЅх ріарЅЁрѕГрЅдрЅхріЊ рѕхрѕГрїГрЅх рІЎрѕфрІФ рІЇрІГрІГрЅх ріарІхрѕГрїѕріЊрѕЇ рЇб

рЅарІерІ░рѕерїЃрІЇ рІерѕџрїѕріЎ ріарѕўрѕФрѕ«рЅй рЅарѕ▓рѕџріЋрЅХ рѕЮрѕГрЅх рѕхрѕГрїГрЅхріЊ рїЇрЅЦрІГрЅх рѕІрІГ рІерѕџрѕхрЅ░рІІрѕЅ https://t.co/73QC6C8m5l",42,1,146,1,0,,
https://twitter.com/yilkal_kefale/status/1569649246042832898,2022-09-13T11:28:37.000Z,"рІерІѕрѕЇрЅЃрІГрЅх рїарїѕрІ┤ рІѕрЇЇ ріарѕГрїЇрЇЇ рЅђрЅарѕї рѕЋрІЮрЅЦ ріГрЅЦрѕГ рІГрїѕрЅБрЅйріІрѕЇ рЇб 

рѕѕрїЦрѕЮрѕГ рїдрѕЕ рІ░рїђріЋріљрЅ│рЅйрѕЂріЋ рЅарѕЏрѕ│рІерЅ│рЅйрѕЂ рі«рѕГрЅ╗рѕѕрІЇрЇб ­ЪЄф­ЪЄ╣­ЪЄф­ЪЄ╣­ЪЄф­ЪЄ╣ https://t.co/jnpGzz6kXF",224,0,596,14,0,,
https://twitter.com/yilkal_kefale/status/1568691762784509952,2022-09-10T20:03:55.000Z,рѕўрѕЇріФрѕЮ ріарІ▓рѕх ріарѕўрЅхрЇб ­ЪЄф­ЪЄ╣­ЪЄф­ЪЄ╣­ЪЄф­ЪЄ╣ https://t.co/opTBthxtXb,74,0,283,7,0,,
https://twitter.com/yilkal_kefale/status/1568463329219207171,2022-09-10T04:56:12.000Z,"рЅарѕђрїѕрѕГ рІЇрѕхрїЦрѕЮ рІГрѕЂріЋ рЅарІЇрїГ рІФрѕѕріЋ рібрЅхрІ«рїхрІФрІЅрІФріЋ рЅаріарІ▓рѕх рІЊрѕўрЅх ріарІ▓рѕх рЅ░рѕхрЇІріЋ рѕ░ріЋрЅђріЋрЇц рІЊрѕўрЅ▒ рІерїцріЊ ріЦріЊ рІерѕ░рѕІрѕЮ рІГрѕЂріЋрѕЇріЋрЇб 
ріарІ▓рѕ▒ 2015 рІЊрѕўрЅх рѕѕрібрЅхрІ«рїхрІФрІЅрІФріЋ рѕЂрѕЅ рІерїцріЊ рІерѕ░рѕІрѕЮ рІерѕўрЅ░рѕ│рѕ░рЅЦріЊ рІерЅЦрѕЇрїйрїЇріЊ рІЊрѕўрЅх ріЦріЋрІ▓рѕєріЋрѕЇріЋ ріЦрѕўріЏрѕѕрѕЂрЇб рІхрѕЇ рѕѕрѕђрїѕрѕФрЅйріЋ https://t.co/Ft9xEn606d",90,0,275,8,0,,
https://twitter.com/yilkal_kefale/status/1567399279861403648,2022-09-07T06:28:03.000Z,RT @AbiyAhmedAli: ріЦрѕхріФрѕЂріЋ рІФрѕхрѕўрІўрїѕрЅЦріљрІЇріЋ рІерѕхріЋрІ┤ рѕЮрѕГрЅ│рѕЏріљрЅх ріЦрІФрїаріЊріерѕГріЋ ріЦріЊ ріЦрІФрѕхрЇІрЇІріЋ ріерѕёрІхріЋрЇБрЅарѕЮрїЇрЅЦ рѕФрѕ│рЅйріЋріЋ ріерѕўрЅ╗рѕЇ ріарѕЇрЇѕріЋ рѕѕрЅђрїБріЊрЅйріЋ рІерІ│рЅд рЅЁрѕГрїФрЅх рѕўрѕєріЋ ріЦріЋрЅйрѕІрѕѕріЋрЇб https://t.co/8BEiwIetРђд,3375,0,0,0,0,AbiyAhmedAli,
https://twitter.com/yilkal_kefale/status/1566750245299671040,2022-09-05T11:29:01.000Z,"рѕѕрѕхріЋрЅЁ ріарЅ│рѕхрЅА ріЦріЏ ріарѕѕріЋ рЇб 

рїІрІЮрїірЅЦрѕІ рІѕрѕерІ│ рІеріЋрїЇрІ▒ рѕЏрѕЁрЅарѕерѕ░рЅЦ рІЏрѕгрѕЮ ріЦріЋрІ░рЅхрѕІріЋрЅ▒ рѕѕрІѕрїѕріЋ рїдрѕГ рІ░рїђріЋріљрЅ▒ріЋ ріЦрІФрѕ│ ріљрІЇрЇб 
ріГрЅЦрѕерЅх рІГрѕхрїЦрѕЇріЋ рІІрїЇ рійрѕЮрѕФ рІѕрїѕріќрЅ╝рЇб ­ЪЄф­ЪЄ╣­ЪЄф­ЪЄ╣­ЪЄф­ЪЄ╣. https://t.co/UAWYQjl6oS",211,0,474,9,0,,
https://twitter.com/yilkal_kefale/status/1566387716547350529,2022-09-04T11:28:28.000Z,"Getachew Reda made it clear a Tigryan child is not worth a bullet. in his news conference,he said ""wasting humans is better than wasting bullets"" ""рЅ░ріЕрѕх ріерѕЏрЅБріеріЋрЇц рѕ░рІЇ рѕЏрЅБріеріЋ рІГрѕ╗рѕІрѕЇ""рЇб Are these the people who care about Tigrayans?Think about this for a minute.Let it sink",604,0,890,35,0,,
https://twitter.com/yilkal_kefale/status/1566377059378667527,2022-09-04T10:46:07.000Z,рІ░рїђріЋріљрЅ│рЅйріЋ ріарїаріЋріГрѕеріЋ ріЦріЋрЅђрїЦрѕЇрЇб рїјріЋрІ░рѕГ рІЎрѕфрІФ рІѕрѕерІ│ рІ░рїјрѕЏрЇб ріГрЅЦрѕерЅх рІГрѕхрїЦрѕЇріЋрЇб  ­ЪЄф­ЪЄ╣­ЪЄф­ЪЄ╣­ЪЄф­ЪЄ╣ https://t.co/xucviH1rzP,414,0,1042,27,0,,
https://twitter.com/yilkal_kefale/status/1566374156366667776,2022-09-04T10:34:35.000Z,"рЅарѕ░рѕюріЋ рїјріЋрІ░рѕГ рІъріЋ рїГріЊ 
ріарѕИрЅБрѕфрІЇ рѕЁрІѕрѕЃрЅх рЅарїГріЊ ріЋрЇЂрѕЃріЋ рІѕрїѕріќрЅ╝ріЋ рІерїерЇѕрїерЇѕрЅарЅхріЋ 1ріЏ рІЊрѕўрЅх рѕўрЅ│рѕ░рЅбрІФ рѕхріљрѕхрѕГрІЊрЅх  ріЦрІерЅ░ріФрѕёрІ░ ріљрІЇрЇб ріарѕИрЅБрѕфрІЇріЋ рѕЁрІѕрѕЃрЅх рѕЂрѕІрЅйріЋрѕЮ  рѕЇріЋрЅ│рїѕрѕѕрІЇ рЅарЅЃ рѕЇріЋрѕЇ рІГрїѕрЅБрѕЇрЇб https://t.co/fAhakgpj1j",128,0,310,9,0,,
https://twitter.com/yilkal_kefale/status/1563884384272384006,2022-08-28T13:41:07.000Z,ріарѕИрЅБрѕфрІЇ рѕЋрІѕрѕЊрЅх рЅаріарѕЏрѕФ ріЦріЊ ріарЇІрѕГ ріГрѕЇрѕјрЅй рІерїђрѕўрѕерІЇріЋ рЅарѕерѕФ рЅарЅ░рЅБрЅарѕе ріГріЋрІ│рЅйріЋ ріЦріЋрЅђрѕѕрЅЦрѕ│рѕѕріЋрЇб ­ЪЄф­ЪЄ╣­ЪЄф­ЪЄ╣­ЪЄф­ЪЄ╣ https://t.co/RswvB7U8ou,210,0,559,14,0,,
https://twitter.com/yilkal_kefale/status/1563049690890833920,2022-08-26T06:24:21.000Z,"138 рѕџрѕірІ«ріЋ рЅЦрѕГ рІѕрїГ рІерЅ░рІ░рѕерїѕрЅарЅх рїЦрѕФрЅ▒ріЋ рїарЅЦрЅє рІерЅ░рїѕріљрЅБрІЇ рЅБрѕѕ 6 рІѕрѕѕрѕЇ  рІерІѕрѕЇрІ▓рІФ ріерЅ░рѕЏ ріарѕхрЅ░рІ│рІ░рѕГ рѕЋріЋрЇЃріЋ рѕўрѕГрЅђріЋ ріерЇЇрЅ░ріЊрѕЇрЇб 
рІѕрІ░ рѕфрїѓрІ«рЇЊрѕірЅ│ріЋрЅх ріерЅ░рѕЏ рІФрІ░рїѕрЅйрІЇ рІѕрѕЇрІ▓рІФ рЅђрѕЇрїБрЇІ ріарїЇрѕЇрїЇрѕјрЅх рѕѕрѕўрѕхрїарЅх рѕўрѕ░рѕЇ рЇЋрѕ«рїђріГрЅХрЅй рІФрѕхрЇѕрѕЇрїІрѕЅрЇб
­ЪЄф­ЪЄ╣­ЪЄф­ЪЄ╣­ЪЄф­ЪЄ╣ https://t.co/lTNLG9GfwB",33,0,155,3,0,,
https://twitter.com/yilkal_kefale/status/1561634070433603588,2022-08-22T08:39:10.000Z,рѕ╗рІ░рІГ рЅарѕ░рЅєрїБрЇб ­ЪЄф­ЪЄ╣­ЪЄф­ЪЄ╣­ЪЄф­ЪЄ╣ https://t.co/yKEqJp3uuQ,43,29,196,2,0,,
https://twitter.com/yilkal_kefale/status/1561312679494565888,2022-08-21T11:22:05.000Z,"ріГрЅЦрѕерЅх рІГрѕхрїЦрѕЇріЋ рІѕрїѕріќрЅ╝ ріЦріЋрі│ріЋ ріарІ░рѕерѕ│рЅйрѕЂрЇб 
ріарѕИріЋрІхрІг 2014РЮц№ИЈ https://t.co/ogFX4CbeTQ",46,32,277,4,0,,
https://twitter.com/yilkal_kefale/status/1559993614041812993,2022-08-17T20:00:35.000Z,"Congratulations Mrs . President 
­ЪЄф­ЪЄ╣­ЪЄф­ЪЄ╣­ЪЄф­ЪЄ╣ @SahleWorkZewde https://t.co/L5dns4TVVg",16,10,76,1,0,SahleWorkZewde,
https://twitter.com/yilkal_kefale/status/1558005746788433921,2022-08-12T08:21:31.000Z,ріЦріЋрі│ріЋ рІ░рѕх ріарѕІрЅйрѕЂрЇб ріарѕѕріЋ! ­ЪЄф­ЪЄ╣­ЪЄф­ЪЄ╣­ЪЄф­ЪЄ╣ https://t.co/TzFbmVxx1p,85,0,384,5,0,,
https://twitter.com/yilkal_kefale/status/1557822945627701254,2022-08-11T20:15:07.000Z,https://t.co/VsQJGwmR8Z,56,22,191,3,0,,
https://twitter.com/yilkal_kefale/status/1557481837332758530,2022-08-10T21:39:41.000Z,рІерѕўрѕГрѕљ рїІрѕГрѕўріЋрЅх рЇІрЅЦрѕфріФ ріЦрІФрІ░рѕерїѕ рІФрѕѕрІЇ рїЦрѕерЅх ріарЅарѕерЅ│рЅй ріљрІЇрЇб рЅаріерЇЇрЅ░ріЏ рІерІЇрїГ рѕЮріЋрІЏрѕг рІѕрІ░ рѕђрїѕрѕГ рІЇрѕхрїЦ рІерѕџрїѕрЅА ріарѕЇрЅБрѕ│рЅх рѕЮрѕГрЅХрЅйріЋ рѕѕрѕўрЅ░ріФрЅх ріЦрІФрІ░рѕерїѕ рІФрѕѕрІЇ рїЦрѕерЅх рѕўрѕЇріФрѕЮ ріљрІЇрЇб https://t.co/O1HPZi8vc7,23,0,136,3,0,,
https://twitter.com/yilkal_kefale/status/1555158814424547328,2022-08-04T11:48:49.000Z,"рІерѕФрІФ рЅБрѕЁрѕЇ рѕЏрІЋріерѕЇ рѕЏріЋріљрЅхріЊ рїЦрЅарЅЦ рІерѕџріЋрїИрЅБрѕерЅЁрЅарЅх ріљрІЇрЇб

рЅарЅєрЅд ріерЅ░рѕЏ рЅарѕйрЅЦрѕГ рЅАрІхріЉ рІерІѕрІ░рѕЎ рЅ░рЅІрѕЏрЅхріЋ рЅарІЏрѕгрІЇ ріЦрѕѕрЅх рЅ░рѕўрѕЇріГрЅ░ріЊрѕЇрЇб рѕйрЅЦрѕГрЅ░ріЏрІЇ рЅАрІхріЋ рІерѕФрІФ рѕЁрІЮрЅЦ рЅарѕџрїѕрѕѕрїѕрѕЇрЅБрЅИрІЇ рЅ░рЅІрѕЏрЅх ріЦріЊ рѕўрѕ░рѕерЅ░ рѕЇрѕЏрЅХрЅй рѕІрІГ ріерЇЇрЅ░ріЏ рїЅрІ│рЅх ріарІхрѕГрѕирѕЇрЇб https://t.co/4ACqiJDGQD",14,0,63,1,0,,
https://twitter.com/yilkal_kefale/status/1554762610314190849,2022-08-03T09:34:27.000Z,"рІерЅхрѕЮрѕЁрѕГрЅх рѕхрѕГрІЊрЅх рІЇрїцрЅ│рѕЏ ріарІхрѕГрїј рѕѕрѕўрѕЮрѕФрЅх рІерѕЦрѕФ рЅБрѕЁрѕЇ рѕѕрІЇрїЦ рѕЏрѕЮрїБрЅх рІГрїѕрЅБрѕЇрЇб

рІеріарѕИрЅБрѕфрІЇ рѕЁрІѕрѕЃрЅх рІѕрѕерѕФ ріерЅ░рЅђрѕѕрЅарѕ░ рЅаріІрѕІ рІерЅхрѕЮрѕЁрѕГрЅх рЅ░рЅІрѕЏрЅхріЋ  рІѕрІ░ рѕЦрѕФ рѕѕрѕЏрѕхрїѕрЅБрЅх рІерЅ░ріеріЊрІѕріљрІЇ рЅ░рїЇрЅБрѕГ рЅарЅарѕГріФрЅх рЇѕрЅ░ріЊрІѕрЅй рІерЅ░рѕърѕІ ріљрЅарѕГрЇб­ЪЄф­ЪЄ╣­ЪЄф­ЪЄ╣­ЪЄф­ЪЄ╣ https://t.co/yXLfuYu5u6",16,0,84,3,0,,
https://twitter.com/yilkal_kefale/status/1554557883664269316,2022-08-02T20:00:56.000Z,"рЅарІЏрѕгрІЇ ріЦрѕѕрЅх рЅарѕ░рѕюріЋ рІѕрѕј рІъріЋ рѕФрІФ рЅєрЅд рІѕрѕерІ│ рЅарідрЇЇрѕІ рЅ░рѕФрѕ«рЅй рІе4ріЏрІЇ рІЎрѕГ рІеріарѕеріЋрїЊрІ┤ ріарѕ╗рѕФ рѕўрѕГрѕЃрїЇрЅЦрѕГ ріаріФрѕЇ рІерѕєріљрІЇріЋ рІерЅйрїЇріЮ рЅ░ріерѕІ ріаріеріЊрІЇріљріЊрѕЇрЇб
рІерѕФрІФ рѕЁрІЮрЅЦ рЅарїђрїЇріЋріљрЅ▒ рІерѕџрЅ│рІѕрЅЁ рЅаріарѕЏрѕФріљрЅ▒ріЊ рЅарібрЅхрІ«рїхрІФрІі ріаріЋрІхріљрЅ▒ рІерѕЏрІГрІ░рѕФрІ░рѕГ рѕЁрІЮрЅЦ ріљрІЇрІ░ ­ЪЄф­ЪЄ╣­ЪЄф­ЪЄ╣ https://t.co/6u5AmkQrug",34,0,154,2,0,,
https://twitter.com/yilkal_kefale/status/1554177821374824458,2022-08-01T18:50:42.000Z,"рІГрѕЁріЋ рІ░рїЇ рѕЁрІЮрЅЦ рѕѕрѕЏрїѕрѕЇрїѕрѕЇ рѕўрѕўрѕерїЦ рѕўрЅ│рІ░рѕЇ ріљрІЇрЇб 
рЇѕрїБрѕф рѕѕрѕЂрѕІрЅйріЋрѕЮ ріаріЋрІхріљрЅх рІГрѕхрїаріЋрЇб
­ЪЄф­ЪЄ╣­ЪЄф­ЪЄ╣­ЪЄф­ЪЄ╣­ЪЎЈ­ЪЎЈ­ЪЎЈ https://t.co/u1nJhdQJuW",65,132,426,10,0,,
https://twitter.com/yilkal_kefale/status/1554011518966063105,2022-08-01T07:49:52.000Z,"рЅарѕ░рѕюріЋ рІѕрѕј рІъріЋ рЅа2014 рЅарїђрЅх рІЊрѕўрЅх рЅарЅЦрІЎ рЇѕрЅ░ріЊрІјрЅй рІЇрѕхрїЦ рІерЅ░рѕ╗рѕѕ ріарЇѕрї╗рї╗рѕЮ рѕІрѕхрѕўрІўрїѕрЅА рІѕрѕерІ│рІјрЅйрЇБ ріерЅ░рѕърЅйрЇБ рѕѕрІъріЋ рѕ┤ріГрЅ░рѕ«рЅйрЇБ рЅАрІхріЋ рѕўрѕфрІјрЅйріЊ рЅБрѕѕрѕЎрІФрІјрЅй ріЦрІЇрЅЁріЊ рѕ░рїЦрЅ░ріЊрѕЇрЇб рІерѕџрѕ░рѕЕрЅхріЋ ріЦріЊрЅарѕерЅ│рЅ│рѕѕріЋрЇб
 ­ЪЄф­ЪЄ╣­ЪЄф­ЪЄ╣­ЪЄф­ЪЄ╣ https://t.co/CqFrWwYw66",32,0,132,5,0,,
https://twitter.com/yilkal_kefale/status/1553858859466477568,2022-07-31T21:43:16.000Z,ріЦрІФрЅђрѕерЅЦрѕЂрЇц рѕЁрЅЦрѕерЅ▒ рЅарібрЅхрІ«рїхрІФ ріЦріЋрІ▓рѕЂрѕЮ рЅаріарѕЏрѕФ ріГрѕЇрѕЇ рѕѕрѕџрІФріеріЊрІЇріљрІЇ рѕЂрѕѕріЋрЅ░ріЊрІі рІхрїІрЇЇ рЅарѕФрѕ┤ ріЦріЊ рЅаріГрѕЇрѕЅ рѕўріЋрїЇрѕЦрЅх рѕхрѕЮ рѕІрЅЁ рІФрѕѕ рѕЮрѕхрїІріЊ ріарЅђрѕГрЅБрѕѕрѕЂрЇАрЇА https://t.co/BRsUw4PSeD,11,0,46,1,0,,
https://twitter.com/yilkal_kefale/status/1553858850465480710,2022-07-31T21:43:13.000Z,"ріеріарІЇрѕ«рЇЊ рѕЁрЅЦрѕерЅх рІерѕЮрѕЦрѕФрЅЁ ріарЇЇрѕфріФ рѕЇрІЕ рѕўрѕЇрІЋріГрЅ░ріЏ рІХ/рѕГ ріаріћрЅх рІїрЅарѕГ рїІрѕГ рЅ░рІѕрІФрІГрЅ░ріЊрѕЇрЇб 

рІеріарІЇрѕ«рЇЊ рѕЁрЅЦрѕерЅх рЅарїдрѕГріљрЅх рІерЅ░рїјрІ▒ ріаріФрЅБрЅбрІјрЅйріЋ рѕўрѕЇрѕХ рѕѕрѕўрїѕріЋрЅБрЅхріЊ рІерЅ░рЇѕріЊрЅђрѕЅ рІюрїјрЅйріЋ рЅарІўрѕІрЅѓріљрЅх рѕѕрѕЏрЅІрЅІрѕЮ рІерѕџрІФрІ░рѕГрїѕрІЇріЋ рІхрїІрЇЇ ріарїаріЊріГрѕ« ріЦріЋрІ▓рЅђрїЦрѕЇ рїЦрѕф https://t.co/mLmf5BjUMP",38,1,125,6,0,,
https://twitter.com/yilkal_kefale/status/1553669714467069952,2022-07-31T09:11:40.000Z,"рЅарѕЁрЅЦрѕерЅ░рѕ░рЅА рЅ░рѕ│рЅхрЇј ріе 131 рѕџрѕірІ«ріЋ рЅЦрѕГ рЅарѕІрІГ рЅарѕєріљ рІѕрїГ рЅарІ░рЅЦрѕерЅ│рЅдрѕГ ріерЅ░рѕЏ рІерЅ░рїѕріљрЅА 40 рЇЋрѕ«рїђріГрЅХрЅй рІЏрѕг рїјрЅЦріЮрЅ░ріЊрѕЇрЇб
рїЇрѕЕрѕЮ рѕхрѕФ ріљрІЇрЇб

рІФрѕЅрЅЦріЋріЋ рЅйрїЇрѕ«рЅй ріерѕЁрІЮрЅБрЅйріЋ рїјріЋ рѕЂріљріЋ рЅарѕўріљрїІрїѕрѕГ  рЅйрїЇрѕ«рЅйріЋ рЅарїІрѕФ рЅарѕўрЅЁрѕерЇЇ  рІѕрІ░рЇірЅх ріЦріЋрѕФрѕўрІ│рѕѕріЋрЇб ­ЪЄф­ЪЄ╣­ЪЄф­ЪЄ╣­ЪЄф­ЪЄ╣ https://t.co/nk2k47iWxF",31,0,140,4,0,,
https://twitter.com/yilkal_kefale/status/1552912851978911744,2022-07-29T07:04:10.000Z,рЅарІ░рЅАрЅЦ рїјріЋрІ░рѕГ рІъріЋ рЇјрїѕрѕФріЊ рѕірЅдріерѕЮріерѕЮ рІѕрѕерІ│рІѕрЅй рІерїјрѕГрЇЇ ріарІ░рїІ рЅ░рїІрѕІрїГріљрЅхріЋ рѕѕрѕўрЅђріљрѕх рЅаріГрѕЇрѕЅ рІЇрѕЃріЊ рібріљрѕГрїѓ рЅбрѕ« рІерЅ░рѕ░рѕЕрЅхріЋ ріЦріЊ рІерѕџрѕ░рѕЕрЅхріЋ рЅ░рїЇрЅБрѕФрЅх ріарІГрЅ░ріЊрѕЇ  рїЦрѕЕ рїѓрѕЏрѕ« ріљрІЇрЇб рѕЎрѕЅ рЅарѕЎрѕЅ рЅйрїЇрѕЕріЋ рѕѕрѕўрЅЁрѕерЇЇ рЅарїІрѕФ ріЦріЋрѕ░рѕФрѕѕріЋрЇб ­ЪЄф­ЪЄ╣­ЪЄф­ЪЄ╣­ЪЄф­ЪЄ╣ https://t.co/fZ4LTUBW09,35,0,160,1,0,,
https://twitter.com/yilkal_kefale/status/1552382434003619840,2022-07-27T19:56:28.000Z,https://t.co/GShezDzMs7,50,0,150,10,0,,
https://twitter.com/yilkal_kefale/status/1551547015947063297,2022-07-25T12:36:49.000Z,рЅарІЇрѕхрїЦріЊ рЅарІЇрїГ рІерїѕрїарѕўріЋріЋ рЇѕрЅ░ріЊ рѕѕрѕўрѕ╗рїѕрѕГ ріЦріЋрІ░ рѕЋрІЮрЅЦ ріаріЋрІхріљрЅ│рЅйріЋріЋ рЅарѕЏрїаріЊріерѕГ рѕўрѕерЅБрѕерЅЦ ріарѕѕрЅЦріЋрЇб ­ЪЄф­ЪЄ╣­ЪЄф­ЪЄ╣­ЪЄф­ЪЄ╣,105,137,459,12,0,,
https://twitter.com/yilkal_kefale/status/1551508280392007683,2022-07-25T10:02:54.000Z,"рІерїЇрЅЦрѕГріЊ рѕЮрѕГрЅхріЋ рЅаріЦрїЦрЇЇ рѕѕрѕўрїерѕўрѕГ рІФрѕІрѕ░рѕѕрѕ░ рїЦрѕерЅх ріЦрІФрІ░рѕерїЇріЋ ріљрІЇ 

рЅа2014/15 рІерѕЮрѕГрЅх рІўрѕўріЋ 4 ріљрїЦрЅЦ 8 рѕџрѕірІ«ріЋ рѕёріГрЅ│рѕГ рѕўрѕгрЅх рЅарѕЏрѕерѕх 143 рѕџрѕірІ«ріЋ ріЕріЋрЅ│рѕЇ рѕЮрѕГрЅх рѕѕрѕЏрѕЮрѕерЅх ріарЅЁрІ░ріЊрѕЇрЇб
 
­ЪЄф­ЪЄ╣­ЪЄф­ЪЄ╣­ЪЄф­ЪЄ╣ https://t.co/bpBrm5gkU8",46,40,179,4,0,,
https://twitter.com/yilkal_kefale/status/1551144380119007233,2022-07-24T09:56:53.000Z,Congratulations ­ЪЄф­ЪЄ╣­ЪЄф­ЪЄ╣­ЪЄф­ЪЄ╣ https://t.co/LnIIGa7w05,32,0,195,2,0,,
https://twitter.com/yilkal_kefale/status/1550510479579435008,2022-07-22T15:58:00.000Z,"рЅаріарѕЏрѕФ ріГрѕЇрѕЇ ріарѕхрЇѕрѕІрїірІЇріЋ рѕЂрѕЅ рІхрїІрЇЇ ріарІхрѕГрїѕріЋрѕІрЅИрІЇ рІѕрІ░ рѕхрѕФ рЅарѕЏрІГрїѕрЅА рЅБрѕѕрѕЃрЅЦрЅХрЅй рѕІрІГ ріЦрѕГрѕЮрїЃ ріЦрІерІѕрѕхрІхріЋ ріљрІЇрЇб

рЅарЅ░рѕѕрІГ рѕўрѕгрЅх ріерѕўріЋрїЇрѕЦрЅх рЅ░рЅђрЅЦрѕѕрІЇ рІѕрІ░ рѕхрѕФ ріерѕЏрІГрїѕрЅАрЅх рЅБрѕѕрѕђрЅЦрЅХрЅй ріЦрїѓ рѕўрѕгрЅх рЅарѕЏрѕхрѕўрѕѕрѕх рѕѕрѕџрѕ░рѕЕрЅх рЅБрѕѕрѕђрЅЦрЅХрЅй рѕѕрѕўрѕхрїарЅх рІѕрѕхріљріЊрѕЇ:: https://t.co/5jQw9T7QKv",22,0,103,3,0,,
https://twitter.com/yilkal_kefale/status/1550013407415386112,2022-07-21T07:02:48.000Z,"рЅаріарѕИрЅБрѕфрІЇ рѕЋрІѕрѕЊрЅх рІѕрѕерѕФ рІерІѕрІ░рѕЎ ріе 1 рѕ║рѕЁ 145 рЅарѕІрІГ  рЅхрѕЮрѕЁрѕГрЅх рЅцрЅХрЅйріЋ рІерѕўрѕЇрѕХ рїЇріЋрЅБрЅ│ рѕўрѕГрѕЃ рїЇрЅЦрѕГ рІЏрѕг рЅарІ░рѕ┤ ріерЅ░рѕЏ рїђрѕЮрѕеріЊрѕЇрЇб

ріерѕЂрѕЅрѕЮ рѕђрїѕрѕГ рІѕрІ│рІх рібрЅхрІ«рїхрІФрІіріЋ рїІрѕГ рЅарѕўрѕєріЋ рІерїђрѕўрѕГріљрІЇріЋ рѕѕрїЇрЅЦ ріЦріЊрІ░рѕГрѕ│рѕѕріЋрЇб ­ЪЄф­ЪЄ╣­ЪЄф­ЪЄ╣­ЪЄф­ЪЄ╣ https://t.co/1aPDbNgJna",163,130,776,15,0,,
https://twitter.com/yilkal_kefale/status/1549061654700142598,2022-07-18T16:00:53.000Z,"рїјрІГрЅХрѕЮ рїѕ/рѕхрѕІрѕ┤  рІхріЋрЅЁ рЅЦрЅЃрЅх рїђрїЇріњрЅх рѕѕ рѕђрїѕрѕФрЅйріЋ рібрЅхрІ«рїхрІФ рѕХрѕхрЅ░ріЏрІЇріЋ рІѕрѕГрЅЁ рЅарѕЏрѕЮрїБрЅхрѕй рІ░рѕх рЅЦрѕјріЏрѕЇрЇб ріЦріЋрі│ріЋ рІ░рѕх ріарѕѕріЋрЇб
 Unity is strength ­ЪЄф­ЪЄ╣­ЪЄф­ЪЄ╣­ЪЄф­ЪЄ╣ https://t.co/ArA8hKhCSu",49,0,299,5,0,,
https://twitter.com/yilkal_kefale/status/1549010569180708864,2022-07-18T12:37:53.000Z,рІеріарѕЏрѕФріЊ рІерЅцріЋрѕ╗ріЋрїЅрѕЇ рїЅрѕЮрІЮ рѕЋрІЮрЅдрЅйріЋ ріарЅЦрѕ«ріљрЅх рѕЏріЋрѕЮ ріарІГрЅарїЦрѕ░рІЇрѕЮрЇб ­ЪЄф­ЪЄ╣­ЪЄф­ЪЄ╣­ЪЄф­ЪЄ╣,48,72,197,2,0,,
https://twitter.com/yilkal_kefale/status/1548591376736165889,2022-07-17T08:52:10.000Z,рЅаріГрѕЇрѕЅ рЅЦрѕјрѕЮ рЅарѕђрїѕрѕФрЅйріЋ рІФрѕѕрІЇріЋ рІерѕ▓рѕџріЋрЅХ ріЦрїЦрѕерЅх рЅйрїЇрѕГ рЅаріерЇЇрЅ░ріЏ рІ░рѕерїЃ рІГрЅђрѕГрЇЇрѕЇріЊрѕЇ рЅЦрѕѕріЋ рІерѕЮріЊрѕхрЅарІЇ рЅаріарѕўрЅх ріе 8.1 рѕџрѕірІ«ріЋ рЅХріЋ рЅарѕІрІГ рѕЏрѕЮрѕерЅх рІерѕџрЅйрѕЇ рІерѕ▓рѕџріЋрЅХ рЇІрЅЦрѕфріФ рЅарѕЮрѕхрѕФрЅЁ рїјрїЃрѕЮ рІъріЋ рЅарѕИрЅарѕЇ рЅарѕеріЋрЅ│ ріаріФрЅБрЅб ріЦрІерЅ░рїѕріљрЅБ рІГрїѕріЏрѕЇрЇб  ­ЪЄф­ЪЄ╣­ЪЄф­ЪЄ╣­ЪЄф­ЪЄ╣ https://t.co/KlMIi93xhN,28,0,106,4,0,,
https://twitter.com/yilkal_kefale/status/1548579182233403392,2022-07-17T08:03:42.000Z,ріерЇЇ рЅБрѕѕ рѕхрЅЦріЦріЊ рѕђрїѕрѕГрѕйріЋ ріерЇЇ ріарІхрѕГрїѕрѕ╗рѕЇ  ­ЪЄф­ЪЄ╣­ЪЄф­ЪЄ╣­ЪЄф­ЪЄ╣ https://t.co/GGtWdIKyL4,83,26,348,1,0,,
https://twitter.com/yilkal_kefale/status/1547433194458423297,2022-07-14T04:09:58.000Z,"рІерІѕрѕЇрЅЃрІГрЅх рїЅрІ│рІГ рѕђрїѕрѕФрІі ріарїђріЋрІ│ ріЦріЋрїѓ рІеріарѕЏрѕФ рѕЁрІЮрЅЦ рїЦрІФрЅё рЅЦрЅ╗ ріарІГрІ░рѕѕрѕЮрЇб

рІерѕЁрІѕрѕЊрЅх рѕўрѕѕрІФ рЅБрѕЁрѕф рІерѕ░рѕІрѕЮ ріарїђріЋрІ│ рЅарѕЇрЅА рІерѕїрѕІ рѕўрѕєріЉ ріљрІЇрЇб ріГрЇЅ ріЦріЊ рІѕріЋрїђрѕѕріЏ рІхрѕГрїѓрЅх ріљрІЇрЇб
ріерІџрѕЁ ріарі│рІФ ріЦріЋрІ│рѕўрїБрїА рѕўрѕЇрѕх рѕѕрѕўрѕхрїарЅх рѕўрІўрїІрїђрЅх рІГрїѕрЅБріЊрѕЇрЇб ­ЪЄф­ЪЄ╣­ЪЄф­ЪЄ╣­ЪЄф­ЪЄ╣ https://t.co/DlMOdz5Jgn",74,0,271,14,0,,
https://twitter.com/yilkal_kefale/status/1546824858314711042,2022-07-12T11:52:39.000Z,ріЦрІерІ░рѕерѕ▒рЅх рІФрѕѕрІЇріЋ рІерїЦрЇІрЅх ріарїђріЋрІ│ рѕѕрѕЏріГрѕИрЇЇ рїаріЋріФрѕФ рѕўріЋрїЇрѕ│рЅ│рІі рѕўрІІрЅЁрѕГ рѕўрЇЇрїарѕГ ріарѕхрЇѕрѕІрїі рЅарѕўріЙріЉ рІеріГрѕЇрѕЅ рѕўріЋрїЇрѕхрЅх рІГрѕЁріЋ рЅарѕўрѕерІ│рЅх ріЦрІерѕарѕФріЋ ріљрІЇ:: ­ЪЄф­ЪЄ╣­ЪЄф­ЪЄ╣­ЪЄф­ЪЄ╣ https://t.co/urugKUbEcA,11,0,47,2,0,,
https://twitter.com/yilkal_kefale/status/1546824844821598208,2022-07-12T11:52:36.000Z,"рЅарІеріарЅЁрїБрїФрІЇ рІерЅ░ріерЇѕрЅ░рЅЦріЋріЋ рїЦрЅЃрЅх рѕЏріГрѕИрЇЇ рІерѕЮріЋрЅйрѕѕрІЇ рѕўрІ░рѕЏрѕўрїЦріЊ рѕўрЅ░рЅБрЅарѕГ рѕхріЋрЅйрѕЇ рЅЦрЅ╗ ріљрІЇрЇб

рѕИріћ ріЦріЊ рЅхрѕЁріљрїЇ рѕўрїаріљ рѕ░рЇі рїЦрЇІрЅх ріЦрІерЇѕрЇђрѕЎрЅЦріЋ ріљрІЇрЇб https://t.co/TLBlwS4Lmy",64,1,207,19,0,,
https://twitter.com/yilkal_kefale/status/1546389200316014592,2022-07-11T07:01:30.000Z,"рЅарѕ░рѕюріЋ рѕИрІІ рІъріЋ рІеріарѕеріЋрїЊрІ┤ ріарѕ╗рѕФ рІерЅйрїЇріЮ рЅ░ріерѕІ рѕўрѕГрѕљ рїЇрЅЦрѕГріЋ ріарѕхрїђрѕЮрѕеріЊрѕЇрЇб
рЅарІъріЋ рІ░рѕерїЃ ріе270 рѕџрѕірІеріЋ рЅарѕІрІГ рЅйрїЇріЮ рѕѕрѕўрЅхріерѕЇ ріарЅЁрІ░ріЋ рІѕрІ░ рЅ░рїЇрЅБрѕГ рїѕрЅЦрЅ░ріЊрѕЇрЇб 
 ­ЪЄф­ЪЄ╣­ЪЄф­ЪЄ╣­ЪЄф­ЪЄ╣ https://t.co/aKKARo3gBQ",34,0,150,11,0,,
https://twitter.com/yilkal_kefale/status/1545142880108437504,2022-07-07T20:29:04.000Z,рІерЅБрѕЁрѕГрІ│рѕГ ріарѕѕрѕЮ ріарЅђрЇЇ рѕхрЅ│рІ▓рІерѕЮ рІФрѕѕрЅарЅхріЋ рІ░рѕерїЃ рЅ░рѕўрѕЇріГрЅ░ріЊрѕЇрЇб рІерѕхрЅ│рІ▓рІерѕЎ рЅђрѕф рѕхрѕФрІѕрЅй рЅарЇЇрїЦріљрЅх ріарїаріЊрЅђріЋ рЅаріарѕЁрїЅрѕГ ріарЅђрЇЇрѕЮ рѕєріљ рЅаріарѕѕрѕЮ ріарЅђрЇЇ рІ░рѕерїЃ рЅ░рѕўрѕФрїГ ріЦріЋрІ▓рѕєріЋ рѕѕрѕЏрІхрѕерїЇ рІеріГрѕЇрѕЅ рѕўріЋрїЇрѕЦрЅх ріарѕхрЇѕрѕІрїі рЅарїђрЅх рѕўрІхрЅДрѕЇрЇб­ЪЄф­ЪЄ╣­ЪЄф­ЪЄ╣­ЪЄф­ЪЄ╣ https://t.co/GCivxJ2Hp7,50,0,211,10,0,,
https://twitter.com/yilkal_kefale/status/1539924566172368898,2022-06-23T10:53:21.000Z,рЅаріЋрї╣рѕЃріЋ рѕ░рІјрЅй рѕІрІГ ріарѕ░рЅЃрЅѓ рІхрѕГрїірЅх рІерЇѕрЇђрѕЎ рІерѕйрЅЦрѕГ рЅАрІхріќрЅй рѕѕрѕЏрїЦрЅЃрЅх рІ│рѕГ ріЦрѕхріерІ│рѕГ рѕўрѕерЅБрѕерЅЦ рІФрѕхрЇѕрѕЇрїІрѕЇ рЇб­ЪЄф­ЪЄ╣­ЪЄф­ЪЄ╣­ЪЄф­ЪЄ╣,135,495,529,28,0,,
https://twitter.com/yilkal_kefale/status/1539248149113589771,2022-06-21T14:05:31.000Z,рІЏрѕг рІерЅ░ріерѕЇріљрІЇ рЅйрїЇріЮ рѕѕрѕўрїГрІЇ рЅхрІЇрѕЇрІх рІерѕЮріЊрѕхрѕеріГрЅарІЇ рІўрѕІрЅѓ рЅЁрѕГрѕхріЊ рѕЃрЅЦрЅх ріљрІЇрЇб­ЪЄф­ЪЄ╣­ЪЄф­ЪЄ╣­ЪЄф­ЪЄ╣,102,555,440,42,0,,
https://twitter.com/yilkal_kefale/status/1538854398226571265,2022-06-20T12:00:53.000Z,рІхрѕГрїірЅ▒ ріарїѕрѕФрЅйріЋріЋ ріеріарѕИрЅБрѕфрІѕрЅй рѕѕрѕЏрїйрІ│рЅх рІерїђрѕўрѕГріљрІЇріЋ рІўрѕўрЅ╗ ріарїаріЊріГрѕеріЋ ріерѕўрЅђрїарѕЇ рІЇрїф рѕїрѕІ ріарѕЏрѕФрїГ ріЦріЋрІ░рѕїрѕѕріЋ рѕЏрѕ│рІФ ріљрІЇрЇб,23,0,58,1,0,,
https://twitter.com/yilkal_kefale/status/1538854232190861314,2022-06-20T12:00:14.000Z,рЅарідрѕ«рѕџрІФ ріГрѕЇрѕЇ рЅарѕЮрІЋрѕФрЅЦ рІѕрѕѕрїІ рІъріЋ рїЇрѕЮрЅб рїЇрѕЮрЅб рІѕрѕерІ│ рЅХрѕї рЅђрЅарѕї ріарѕИрЅБрѕфрІЇ рѕИріћ рЅаріЋрї╣рѕљріЋ рІѕрїѕріќрЅй рѕІрІГ рЅарЇѕрЇђрѕўрІЇ рїЇрІхрІФ рІерЅ░рѕ░рѕЏріЮріЋ рѕђрІўріЋ ріЦрІерїѕрѕѕрЇЁріЕ  рѕѕрЅцрЅ░рѕ░рЅдрЅ╗рЅИрІЇ рѕўрїйріЊріЊрЅхріЋ ріЦрѕўріЏрѕѕрѕЂрЇб,70,1,212,23,0,,
https://twitter.com/yilkal_kefale/status/1538246343679934476,2022-06-18T19:44:42.000Z,Beyond financing ­ЪЄф­ЪЄ╣­ЪЄф­ЪЄ╣­ЪЄф­ЪЄ╣ https://t.co/dASO36l351,8,24,46,1,0,,
https://twitter.com/yilkal_kefale/status/1536712855919239168,2022-06-14T14:11:10.000Z,рІерѕЋрїЇ рѕЏрѕхріерЅарѕГ рІўрѕўрЅ╗рІЇ рІеріарѕЏрѕФ рѕЁрІЮрЅЦ ріаріЋрІхріљрЅх рѕѕрѕЏрїаріЊріерѕГ рІФрѕѕрѕў ріљрІЇрЇб  ­ЪЄф­ЪЄ╣­ЪЄф­ЪЄ╣­ЪЄф­ЪЄ╣,79,153,330,9,0,,
https://twitter.com/yilkal_kefale/status/1536044895948922881,2022-06-12T17:56:56.000Z,"рїјріЋрІ░рѕГ рІерѕхрѕЇрїБріћрІФрЅйріЋ рѕЮрѕЇріГрЅх рІерѕ░рІЇ рѕ░рѕФрѕйріЊ рЅ░рЇѕрїЦрѕ»рІі рѕљрЅЦрЅХрЅй рѕўріЊрїѕрѕ╗ рІерѕєріљрЅй рІерІЊрѕѕрѕЮ рѕўрІ│рѕерѕ╗ ріерЅ░рѕЏ ріљрЅйрЇб
рѕхрѕѕрІџрѕЁ рѕ░рѕІрѕЪріЋ ріаріЋрІхріљрЅиріЋ ріЦріЋрїарЅЦрЅЃрѕѕріЋ ріЦріЊрѕхрїарЅЦрЅЃрѕѕріЋрЇб­ЪЄф­ЪЄ╣­ЪЄф­ЪЄ╣­ЪЄф­ЪЄ╣ https://t.co/DFsASZ6RV2",30,36,124,0,0,,
https://twitter.com/yilkal_kefale/status/1535910746403618818,2022-06-12T09:03:52.000Z,#NewProfilePic https://t.co/ObzONmFnez,8,0,38,0,0,,NewProfilePic
https://twitter.com/yilkal_kefale/status/1535904674997477380,2022-06-12T08:39:44.000Z,рІерІѕрѕЇрЅЃрІГрЅхріЋ рїЅрІ│рІГ рѕѕрІхрѕГрІхрѕГ рІерѕЏріЊрЅђрѕГрЅарІЇ рЅђрІГ рѕўрѕхрѕўрѕФрЅйріЋ ріљрІЇрЇб ­ЪЄф­ЪЄ╣­ЪЄф­ЪЄ╣­ЪЄф­ЪЄ╣ https://t.co/oif8G1FmK4,66,0,291,17,0,,
https://twitter.com/yilkal_kefale/status/1535898625657778176,2022-06-12T08:15:42.000Z,рѕѕріерЅ░рѕърЅй рІўрѕІрЅѓ рѕ░рѕІрѕЮ рѕўрѕерїІрїѕрїЦ рІерѕЃрІГрѕЏріќрЅх ріарЅБрЅХрЅйріЊ рІерѕЃрїѕрѕГ рѕйрѕЏрїЇрѕїрІјрЅй ріЦрїѕрІЏ рІѕрѕ│ріЮ ріљріЮ:: ­ЪЄф­ЪЄ╣­ЪЄф­ЪЄ╣­ЪЄф­ЪЄ╣ https://t.co/SC3FKCfKCs,25,2,105,4,0,,
https://twitter.com/yilkal_kefale/status/1535621674917306368,2022-06-11T13:55:12.000Z,рЅа 5 ріљрїЦрЅЦ 6 рЅбрѕірІ«ріЋ рЅЦрѕГ ріЦрІерЅ░рїѕріљрЅБ рІФрѕѕрІЇ рІерѕўрїѕрїГ рїЇрІхрЅЦ ріерѕўрѕхріќ рѕЇрѕЏрЅх рЅБрѕ╗рїѕрѕГ рѕѕрїјріЋрІ░рѕГ ріерЅ░рѕЏ рІеріЋрї╣рѕЁ рѕўрїарїЦ рІЇріЃ рЅйрїЇрѕГріЋ рЅарІўрѕІрЅѓріљрЅх рІГрЇѕрЅ│рѕЇ рЅЦрѕЇріЋ ріЦріЊрѕхрЅБрѕѕріЋрЇб   рІерІЏрѕг рѕЂрѕѕрЅх ріарѕўрЅх рІГрїаріЊрЅђрЅЃрѕЇ рЅЦрѕѕріЋ ріЦріЋрїарЅЦрЅЃрѕѕріЋрЇб ­ЪЄф­ЪЄ╣­ЪЄф­ЪЄ╣­ЪЄф­ЪЄ╣ https://t.co/0U93XFoltd,30,0,155,9,0,,
https://twitter.com/yilkal_kefale/status/1534959830938664960,2022-06-09T18:05:16.000Z,"Bravo !!!
ріЦріЋрі│ріЋ рІ░рѕх ріарѕѕріЋ ­Ъњџ­ЪњЏРЮц ­ЪЄф­ЪЄ╣­ЪЄф­ЪЄ╣­ЪЄф­ЪЄ╣ https://t.co/UERNQGIHpf",42,29,253,0,0,,
https://twitter.com/yilkal_kefale/status/1534423906521579520,2022-06-08T06:35:42.000Z,рІеріарѕЏрѕФ ріГрѕЇрѕЇ рѕўріЋрїЇрѕхрЅх рІерЅ▒рѕГріГ рЅБрѕѕрѕђрЅЦрЅХрЅй рЅаріГрѕЇрѕЅ рІерібріЋрЅерѕхрЅхрѕўріЋрЅх рІўрѕГрЇјрЅй ріЦріЋрІ▓рѕ░рѕЏрѕЕ рѕЮрЅ╣ рѕЂріћрЅ│рІѕрЅйріЋ рІГрЇѕрїЦрѕФрѕЇрЇб­ЪЄф­ЪЄ╣­ЪЄ╣­ЪЄи,41,40,175,2,0,,
https://twitter.com/yilkal_kefale/status/1533739606902026240,2022-06-06T09:16:32.000Z,рІерѕЃрїѕрѕФрІі рѕЮріГріГрѕГ рі«рѕџрѕйріЋ рІЇрїцрЅ│рѕЏ ріЦріЋрІ▓рѕєріЋ рІеріарѕЏрѕФ ріГрѕЇрѕЇ рѕўріЋрїЇрѕхрЅх рІхрїІрЇЇ рІФрІ░рѕГрїІрѕЇрЇб­ЪЄф­ЪЄ╣­ЪЄф­ЪЄ╣­ЪЄф­ЪЄ╣,46,94,183,1,0,,
https://twitter.com/yilkal_kefale/status/1533722058105954304,2022-06-06T08:06:48.000Z,рїаріЋріФрѕФ рѕђрїѕрѕГ рѕѕрѕўрїѕріЋрЅБрЅх рѕђрїѕрѕФрІі рЅйрїЇрѕ«рЅйріЋ рЅарѕЮріГріГрѕГріЊ рЅарѕўріљрїІрїѕрѕГ рѕўрЇЇрЅ│рЅх рІФрѕхрЇѕрѕЇрїІрѕЇрЇб­ЪЄф­ЪЄ╣­ЪЄф­ЪЄ╣­ЪЄф­ЪЄ╣,70,95,289,4,0,,
https://twitter.com/yilkal_kefale/status/1533053964324900866,2022-06-04T11:52:02.000Z,https://t.co/MQMdPr2QXY,1,9,11,0,0,,
https://twitter.com/yilkal_kefale/status/1531182803588632576,2022-05-30T07:56:43.000Z,рѕѕрѕЋрІЮрЅЦ рІ░ріЁріЋріљрЅх рѕ▓рЅБрѕЇ рІерЅ░рїђрѕўрѕерІЇ рѕЋрїЇ рІерѕЏрѕхріерЅарѕГ рѕЦрѕФ рѕЮріЋрѕЮ рІЊрІГріљрЅх  рІЇрѕхрїБрІіріЊ рІЇрїФрІі рЅ░рЇЁрІЋріќ рІерѕѕрЅарЅхрѕЮрЇб ­ЪЄф­ЪЄ╣­ЪЄф­ЪЄ╣­ЪЄф­ЪЄ╣,104,223,402,15,0,,
https://twitter.com/yilkal_kefale/status/1530823204780089345,2022-05-29T08:07:47.000Z,"ріерѕърЇѕрѕГріЊ рЅђріЋрЅарѕГ рІѕрІ░ рЅхрѕФріГрЅ░рѕГ

рІерїЇрЅЦрѕГріЊ рѕўріФріЊрІГрІюрѕйріЋ рѕўрѕ│рѕфрІФрІѕрЅй рЅаріГрѕЇрѕЅ рІерЅ┤ріГріќрѕјрїѓ ріарЅЁрѕГрЅдрЅх рІЇрѕхріЋріљрЅхріЋ рѕѕрѕўрЅЁрѕерЇЇріЊ рІерїЇрЅЦрѕГріЊ рѕЦрѕФріЋ  рЅарІўрѕўріЊрІі рѕўріЋрїѕрІх рЅарѕўріерІѕріЋ рѕЮрѕГрЅ│рѕЏріљрЅхріЋ рѕѕрѕЏрѕ│рІ░рїЇ рїЅрѕЇрѕЁ рѕџріЊ ріарѕІрЅИрІЇрЇб­ЪЄф­ЪЄ╣­ЪЄф­ЪЄ╣­ЪЄф­ЪЄ╣ https://t.co/ylQ7ZpXZSw",143,113,507,17,0,,
https://twitter.com/yilkal_kefale/status/1530631218986991625,2022-05-28T19:24:55.000Z,"RT @AbiyAhmedAli: During the 15th Extraordinary AU Humanitarian Summit, I reiterated #EthiopiaРђЎs commitment to ensuring assistance reachesРђд",858,0,0,0,0,AbiyAhmedAli,Ethiopia
https://twitter.com/yilkal_kefale/status/1530212512335024129,2022-05-27T15:41:07.000Z,@tesfayeshemrga ­ЪЎЈ­ЪЎЈ­ЪЎЈ,0,0,0,0,0,tesfayeshemrga,
https://twitter.com/yilkal_kefale/status/1530147806895394817,2022-05-27T11:24:00.000Z,рѕЁрїЇ рІерѕЏрѕхріерЅарѕГ рѕхрѕФрІЇ  рІеріарѕЏрѕФріЋ рѕЁрІЮрЅЦ рІ░рѕЁріЋріљрЅх  рЅарѕ░рѕІрѕЮ рІѕрїЦрЅХ рЅарѕ░рѕІрѕЮ рІерѕўрїЇрЅБрЅх рЇЇрѕІрїјрЅх рІерѕЏрѕЪрѕІрЅх рїЦрѕерЅх рЅЦрЅ╗ рѕ│рІГрѕєріЋ рІерѕўріЋрїЇрѕхрЅх рѕЁрїЇ рІерѕЏрѕхріерЅарѕГ рїЇрІ┤рЅ│ рІерѕўрІѕрїБрЅх рЅ│рѕІрЅЁ ріЃрѕІрЇіріљрЅх ріљрІЇрЇб ­ЪЄф­ЪЄ╣­ЪЄф­ЪЄ╣­ЪЄф­ЪЄ╣,134,197,452,16,0,,
https://twitter.com/yilkal_kefale/status/1529756228842397697,2022-05-26T09:28:01.000Z,ріарѕЏрѕФ ріаріЋрІх рЅаріЙріљ рїірІю рІерЅхріЏрІЇрѕЮ рІерІЇрїГрѕЮ рІерІЇрѕхрїЦрѕЮ рїарѕІрЅх рѕірІ░рЇЇрѕерІЇ ріарІГрЅйрѕЇрѕЮрЇб ­ЪЄф­ЪЄ╣­ЪЄф­ЪЄ╣­ЪЄф­ЪЄ╣,61,181,304,12,0,,
https://twitter.com/yilkal_kefale/status/1529044278869213184,2022-05-24T10:18:59.000Z,рІерїдрѕГ ріљрїІрѕфрЅх ріЦрІерїјрѕ░рѕў рІФрѕѕрІЇріЋ рїарѕІрЅх рЅарѕўріерѕІріерІФ рѕарѕФрІірЅх рЇБ  рЅарѕЇрІЕ ріЃрІГрѕЇ рЇБрЅарѕџрѕірѕ╗ріЊ рЅарЇІріќ рѕЋрІЮрЅБрЅйріЋріЋ рІ░рїђріЋ ріарІхрѕГрїѕріЋ ріЦріЋрѕўріГрЅ░рІІрѕѕріЋрЇб ­ЪЄф­ЪЄ╣­ЪЄф­ЪЄ╣­ЪЄф­ЪЄ╣,146,194,517,9,0,,
https://twitter.com/yilkal_kefale/status/1528739705625485313,2022-05-23T14:08:43.000Z,"рЅарЇІріќ рѕхрѕЮ рЅарѕђрѕ░рЅх рЅ░рІ░рѕФрїѓрЅХ рѕЋрІЮрЅЦріЋ рІерѕџрѕерЅЦрѕй ріаріФрѕЇ ріаріЋрЅ│рїѕрѕхрѕЮрЇб 
рІерѕЋрїЇ рѕЏрѕхріерЅарѕГ рѕхрѕФрѕЮ рЅ░рїаріЊріГрѕ« рІГрЅђрїЦрѕІрѕЇрЇб
рѕЁрІЮрЅЦ рІерѕџрІФрЅЃрЅИрІЇ рїаріЋріФрѕ«рЅ╣ рѕђрїѕрѕГ рІѕрІ│рІх рЇІріќрІѕрЅйріЋ рїЇріЋ рЅаріарѕЏрѕФ рѕЋрІЮрЅЦ рѕхрѕЮ ріЦріЊрѕўрѕ░рїЇріЊрѕѕріЋ рЇб",185,280,647,23,0,,
https://twitter.com/yilkal_kefale/status/1528694966851076096,2022-05-23T11:10:56.000Z,рѕўріЋрїЇрѕхрЅх рІеріГрѕЇрѕЅріЋ рІўрѕІрЅѓ рѕ░рѕІрѕЮ рІерѕЏрѕхрїарЅарЅЁ рѕЦрѕФрІЇріЋ ріарїаріЊріГрѕ« рІГрЅђрїЦрѕІрѕЇрЇб,67,123,352,11,0,,
https://twitter.com/yilkal_kefale/status/1528073584631250946,2022-05-21T18:01:47.000Z,рІерѕЋрїЇ рѕЏрѕхріерЅарѕГ рѕЦрѕФрІЇріЋ рѕѕрѕЏрІ░ріЊрЅђрЇЇ рІерѕџрІ░рѕерїЅ рѕЏріЋріЏрІЇрѕЮ рІхрѕГрїірЅХрЅй рѕІрІГ рІерѕЋрїЇ ріЦрѕГрѕЮрїЃ рІГрІѕрѕ░рІ│рѕЇрЇб https://t.co/EoRxhEtuA7,177,385,668,41,0,,
https://twitter.com/yilkal_kefale/status/1527927908790149121,2022-05-21T08:22:55.000Z,Everything will be peace ; anyone is below the law. we will do to inssure our people's  security .,64,200,258,16,0,,
https://twitter.com/yilkal_kefale/status/1527407292043431938,2022-05-19T21:54:10.000Z,рІеріарѕЏрѕФріЋ рѕЁрІЮрЅЦ рІЇрѕхрїБрІі ріаріЋрІхріљрЅх рІерѕџрЅарїарЅЦрїА  рѕЁрїѕрІѕрїЦ ріђрІГрѕјрЅй ріарѕЅрЇб,82,189,292,23,0,,
https://twitter.com/yilkal_kefale/status/1527228111607275520,2022-05-19T10:02:10.000Z,"рІерїдрѕГ ріљрїІрѕфрЅх ріЦрІерїјрѕ░рѕў рІФрѕѕрІЇріЋ рїарѕІрЅх рЅарѕўріерѕІріерІФ рѕарѕФрІірЅх , рЅарѕЇрІЕ ріђрІГрѕЇ , рЅарѕџрѕірѕ╗ріЊ  рЅарЇІріќ рѕЋрІЮрЅБрЅйріЋріЋ рІ░рїђріЋ ріарІхрѕГрїѕріЋ ріЦріЋрѕўріГрЅ░рІІрѕѕріЋрЇб https://t.co/yjS6AELIAQ",102,161,427,22,0,,
https://twitter.com/yilkal_kefale/status/1527224072584691712,2022-05-19T09:46:08.000Z,рІерЅ░рїђрѕўрѕерІЇ ріЦрѕГрѕЮрїЃ рЇІріќріЋ рІерѕЏрїЦрЇІрЅх рѕ│рІГрѕєріЋ рЅарЇІріќ рѕхрѕЮ рІерѕџріљрїЇрІ▒ рѕЋрїѕрІѕрїдрЅйріЋ рІерѕўрЅєрїБрїарѕГ ріљрІЇрЇб,193,343,764,44,0,,
https://twitter.com/yilkal_kefale/status/1526947617522974720,2022-05-18T15:27:35.000Z,рІеріарѕЏрѕФріЊ  рІерібрЅхрІ«рїхрІФ рѕЋрІЮрЅЦ рїарѕІрЅх рІѕрІФріћріЊ рІерІѕрІФріћ рЇѕрѕерѕХрЅй ріЊрЅИрІЇрЇб,159,254,616,36,0,,
https://twitter.com/yilkal_kefale/status/1526946850158297089,2022-05-18T15:24:33.000Z,https://t.co/GfssIuHxme,1,5,5,0,0,,
https://twitter.com/yilkal_kefale/status/1524967144202674191,2022-05-13T04:17:54.000Z,https://t.co/OfPabLWlkv,1,0,4,0,0,,
https://twitter.com/yilkal_kefale/status/1524467886181556226,2022-05-11T19:14:01.000Z,https://t.co/xgdZJCDVFx,0,1,2,0,0,,
https://twitter.com/yilkal_kefale/status/1524467568291065856,2022-05-11T19:12:46.000Z,https://t.co/zqNQTMSHoT,0,0,2,0,0,,
https://twitter.com/yilkal_kefale/status/1502602753029414914,2022-03-12T11:09:47.000Z,https://t.co/s6ugoI0R4O,0,1,2,0,0,,
https://twitter.com/yilkal_kefale/status/1495512267911221251,2022-02-20T21:34:44.000Z,Congratulations to the people of Ethiopia. Congratulations PM @AbiyAhmedAli and all leaders and people of Nile basin countries. https://t.co/kuKPAEhHdg,0,7,13,0,0,AbiyAhmedAli,
https://twitter.com/yilkal_kefale/status/1454345467219873796,2021-10-30T07:12:34.000Z,"рІеріарІ▓рѕх ріарЅарЅБ ріерЅ░рѕЏ ріарѕхрЅ░рІ│рІ░рѕГ рЅарЅБрѕЁрѕГрІ│рѕГ ріерЅ░рѕЏ рІўріЋрІўрѕЇрѕЏ рЅђрЅарѕї рѕѕрѕџрїѕріЎ рЅ░рЇѕріЊрЅЃрІ«рЅй рІхрїІрЇЇ ріарІхрѕГрїѕрІЇрѕЇріЊрѕЇрЇб

ріГрЅЦрѕГрЅх ріеріЋрЅ▓рЅБ @AdanechAbiebie рЅаріћріЊ рЅа ріарѕЏрѕФ рѕЁрІЮрЅЦ ріерѕЇрЅЦ ріЦріЊрѕўрѕ░рїЇріЊрѕѕріЋрЇб https://t.co/3YwE9KvVhk",3,4,12,0,0,AdanechAbiebie,
https://twitter.com/yilkal_kefale/status/1452921355217915905,2021-10-26T08:53:39.000Z,"рѕЇрїєрЅ╗рЅйріЋ рѕхрѕЇрїаріЊрЅИрІЇріЋ рїерѕГрѕ░рІЇ рІЏрѕг рЅ░рѕўрѕГрЅђрІІрѕЇрЇб 

рІхрѕЅ рЅа ріЦрїЃрЅйріЋ ріљрІЇрЇб https://t.co/Oh3SiEYpkA",5,2,21,2,0,,
https://twitter.com/yilkal_kefale/status/1451527072174776323,2021-10-22T12:33:16.000Z,"ріЦріЋрІ░рѕџрІФрѕхрЇѕрѕЇрїірЅИрІЇ рЅ░ріљрїІрїЇрѕеріЊрѕЇрЇб
рІхрѕЇ рѕѕ рїГрЅЂріЉ ріарѕЏрѕФ рѕЁрІЮрЅЦ",0,0,4,0,0,,
https://twitter.com/yilkal_kefale/status/1451527069729497120,2021-10-22T12:33:16.000Z,"рІЏрѕг ріеріерѕюрѕфріФ ріарѕЮрЅБрѕ│рІ░рѕГ рїірЅ│ рЇЊрѕ▓ рїІрѕГ рЅарІѕрЅЁрЅ│рІі рїЅрІ│рІ«рЅй рѕІрІГ рІЇрІГрІГрЅх ріарІхрѕГрїѕріЋ ріљрЅарѕГрЇб
рЅарІЇрІГрІГрЅ│рЅйріЋрѕЮ  ріарѕИрЅБрѕфрІЇ рѕўрѕФрѕфрІЇ рЅхрѕЁріљрїЇ рЅаріГрѕІрѕІрЅйріЋ ріЦрІФрІ░рѕерѕ░ рІФрѕѕрІЇріЋ рѕ░рЅЦрІЊрІіріЊ рЅЂрѕ│рІі рІЇрІхрѕўрЅх рЅ░рїѕріЋрІЮрЅарІІрѕЇрЇб
рЅарѕйрЅЦрѕГ рЅАрІхріЉ рѕѕрЅ░рЇѕріЊрЅђрѕЅрЅхрѕЮ рІѕрїѕріќрЅйрѕЮ рІхрїІрЇЇ https://t.co/FKuZqRYzIO",0,1,8,0,0,,
https://twitter.com/yilkal_kefale/status/1451178956174999559,2021-10-21T13:29:59.000Z,"ріарѕЮрѕљрѕФ ріЦріЊ ріарЇІрѕГ рѕІрІГ рІѕрѕерѕФ рЅ░рЇѕрЇЁрѕъ рІерѕЮрЅхрї░ріЊ рѕђрїѕрѕГ ріарЅхріќрѕГрѕЮ ріЦріЊ рѕўрѕІрІЇ рІе ріарѕЮрѕљрѕФ рѕЁрІЮрЅЦ ріЦріЋрІ▓рѕЂрѕЮ рѕђрїѕрѕГ рІѕрІ│рІх рібрЅхрІ«рїхрІФрІі рѕђрїѕрѕЕріЋ ріерїЦрЇІрЅх рѕђрІГрѕЇ рІГрЅ│рІ░рїЇ рІўріЋрїЇ рЅарЅ░рЅ╗рѕѕрІЇ рѕЂрѕЅ рѕѕрѕђрїѕрѕЕ рІўрЅЦ ріЦріЋрІ▓рЅєрѕЮ рїЦрѕфрІеріЋ ріарѕхрЅ░рѕІрѕЇрЇІрѕѕрІЇрЇб 
@AbiyAhmedAli https://t.co/EFtdwJMjGC",2,3,10,0,0,AbiyAhmedAli,
https://twitter.com/yilkal_kefale/status/1449783331780972547,2021-10-17T17:04:16.000Z,"рѕѕ 1,496ріЏрІЇ рІеріљрЅЦрІЕ рѕўрѕљрѕўрІх  рІерѕЇрІ░рЅх рЅарІЊрѕЇ рІерѕўрѕІрІЇ рІеріЦрѕхрѕЇрѕЮріЊ ріЦрѕЮріљрЅх рЅ░ріерЅ│рІ«рЅйріЊ рІѕрІ│рїєрЅ╝ ріЦріЋрі│ріЋ ріарІ░рѕерѕ│рЅйрѕЂрЇб https://t.co/LW8obMHhQ7",0,0,4,0,0,,
https://twitter.com/yilkal_kefale/status/1449719857856012294,2021-10-17T12:52:03.000Z,"рІѕріЋрІх рІГрѕ░рѕФрѕЇ ріЦріЋрїѓ ріарІГрЇјріГрѕГрѕЮ 
рѕЂрѕІрЅйріЋрѕЮ рЅарЅ░рЅ╗рѕѕріЋ ріљрїѕрѕГ рѕІрІГ ріЦріЋрѕхрѕФ рЇб рїЅрѕЇрЅарЅх рІФрѕѕрІЇ рЅарїЅрѕЇрЅарЅ▒ рЇБ рїѕріЋрІўрЅЦ рІФрѕѕрІЇ рЅарїѕріЋрІўрЅЦрЇБ ріЦрІЇрЅђрЅх рІФрѕѕрІЇ рЅа ріЦрІЇрЅђрЅ▒ ріЦрѕФрѕ▒ріЋ ріЦріЊ рѕђрїѕрѕЕріЋ рІФрїѕрѕЇрїЇрѕЇрЇб 

ріарїБрЅх рѕўрЅђрѕ│рѕ░рѕГ рѕѕрѕЏріЋрѕЮ ріарІГрЅарїѓрѕЮрЇб https://t.co/4kAZ370eXJ",2,4,9,0,0,,
https://twitter.com/yilkal_kefale/status/1448544728132300810,2021-10-14T07:02:30.000Z,"рЅарѕ╗рѕИрѕўріћ рІерЅдрѕѕрЅё ріГрѕІрѕхрЅ░рѕГріЋ рїјрЅЦріЮрЅ░ріЊрѕЇ ріЦрїѓрїЇ рІ░рѕх рІерѕџрѕЇ рѕхрѕФ ріљрІЇрЇб

рѕѕрѕЁрІЮрЅБрЅйріЋ рІ░рѕЁріЋріљрЅхрѕЮ ріЦрІерѕ░рѕФріЋ ріљрІЇрЇб 
ріеріарѕИрЅБрѕфрІЇ рѕЁрІѕрѕЃрЅх рїІрѕГ рѕЂріљрІЇ рІерѕџрѕ░рѕЕрЅх рѕхрѕФ рѕЂрѕЅрѕЮ рЅарЅЁрѕГрЅЦ рѕўрѕхрѕўрѕГ рІГрІГрІЏрѕЇрЇб
 
ріерЅ░рЅБрЅарѕГріЋ рІерѕЏріЋрѕ╗рїѕрѕерІЇ ріљрїѕрѕГ ріарІГріќрѕГрѕЮрЇб
@AbiyAhmedAli https://t.co/MVqOB41Ezd",1,2,5,0,0,AbiyAhmedAli,
https://twitter.com/yilkal_kefale/status/1448356516231319562,2021-10-13T18:34:37.000Z,"рІерЅ░рЅ╗рѕѕріЋріЋ рѕЂрѕЅ рЅарѕўрѕхрѕФрЅх ріЦрѕФрѕ│рЅйріЋ ріЦріЋрЅйрѕІрѕѕріЋрЇб
рѕЂрѕЅрѕЮ рѕўрѕЇріФрѕЮ рІГрѕєріЊрѕЇ
@AbiyAhmedAli https://t.co/kQWANIdF3y",1,6,5,0,0,AbiyAhmedAli,
https://twitter.com/yilkal_kefale/status/1447663348368216065,2021-10-11T20:40:13.000Z,Happy Ethiopian National Flag Day #Ethiopia https://t.co/x1aUolIkDn,0,0,1,0,0,,Ethiopia
https://twitter.com/yilkal_kefale/status/1447539323822292992,2021-10-11T12:27:23.000Z,"рЅа рЅ╗рІГріЊ рі«ріЋрѕхрЅхрѕФріГрѕйріЋ рі«рѕЮрІЕріњрігрѕйріЋ ріФрѕЮрЇЊріњ рЅа рЅБрѕЁрѕГрІ│рѕГ ріерЅ░рѕЏ ріарѕхрЅ░рІ│рІ░рѕГ рЅарІЊрЅБрІГ рІѕріЋрІЮ рѕІрІГ ріЦрІерЅ░рїѕріљрЅБ рІерѕџрїѕріўрІЇ рЅ░рѕѕрІІрїГ рІхрѕЇрІхрІГ рЅаріарїГрѕГ рїірІю рІЇрѕхрїЦ рЅ░рїаріЊрЅє ріарїѕрѕЇрїЇрѕјрЅх ріЦріЋрІ▓рѕ░рїЦ рЅарѕЇрІЕ рЅхріЕрѕерЅх ріЦріЋрѕ░рѕФрѕѕріЋрЇб
#Ethiopia 
#bahirdar https://t.co/qHJCRa6mCc",1,0,5,0,0,,"Ethiopia,bahirdar"
https://twitter.com/yilkal_kefale/status/1446450231726444557,2021-10-08T12:19:43.000Z,https://t.co/tExM8sxtsp,0,1,2,0,0,,
https://twitter.com/yilkal_kefale/status/1446210616532905985,2021-10-07T20:27:34.000Z,"Russia, China &amp; India; Thank you for always thinking about us and for all the efforts you put to make Ethiopia strong and Independent. #ReformUNSC #HandsOffEthiopia @jmsroscoe @MattJacksonUK @AmbassadorAllen @POTUS @SecBlinken @USUN @UKinEthiopia",0,0,1,0,0,"jmsroscoe,MattJacksonUK,AmbassadorAllen,POTUS,SecBlinken,USUN,UKinEthiopia","ReformUNSC,HandsOffEthiopia"
https://twitter.com/yilkal_kefale/status/1446000723964084225,2021-10-07T06:33:32.000Z,"RT @SuleimanAbdell7: рІГрЅйріЋ рЅфрІ▓рІ« Quote tweet &amp; Retweet ріарІхрѕГрїЊрЅх !

Who is the terrorist TPLF?
­ЪЉЄ
https://t.co/1DqufrAcvt
@SecBlinken 
@UN @antoniogРђд",6514,0,0,0,0,"SuleimanAbdell7,SecBlinken,UN",
https://twitter.com/yilkal_kefale/status/1445465745177997318,2021-10-05T19:07:43.000Z,"RT @fanatelevision: Ambassador of #Russia, Evgeny Terekhin┬а congratulate #Ethiopians over new government https://t.co/4Ibl2RAJjC https://t.Рђд",183,0,0,0,0,fanatelevision,"Russia,Ethiopians"
https://twitter.com/yilkal_kefale/status/1445345756018315266,2021-10-05T11:10:56.000Z,RT @ymahmoudali: C├Еr├Еmonie dРђЎinvestiture du PM Abiy Ahmed Ali a Addis Abeba a Meskel square . Le Pdt Guelleh y a pris part et a prononc├Е unРђд,57,0,0,0,0,ymahmoudali,
https://twitter.com/yilkal_kefale/status/1445345737433354242,2021-10-05T11:10:51.000Z,RT @AMMAONLINE2: рѕѕрІЕрїІріЋрІ│рІЇ рЇЋрѕгрІЮрІ│ріЋрЅх рІЕрІїрѕф рѕЎрѕ┤рЅеріњ ріарѕИріЏріўрЅх рЅ░рІ░рѕерїѕрѕІрЅИрІЇрЇб https://t.co/B0vbmrkVHM via @@AMMAONLINE2,13,0,0,0,0,,
https://twitter.com/yilkal_kefale/status/1445026296942284800,2021-10-04T14:01:31.000Z,"@EthioInDjibouti @BerhanuTsegaye @ymahmoudali @iyoba4u @sanusi90064 Thank you Mister President
Thank you for being with Ethiopia",0,0,1,0,0,"EthioInDjibouti,BerhanuTsegaye,ymahmoudali,iyoba4u,sanusi90064",
https://twitter.com/yilkal_kefale/status/1445026165425676290,2021-10-04T14:00:59.000Z,"@fanatelevision Thank you Mister President
Thank you for being with Ethiopia",0,0,0,0,0,fanatelevision,
https://twitter.com/yilkal_kefale/status/1445026005731663872,2021-10-04T14:00:21.000Z,"@M_Farmaajo @AbiyAhmedAli Thank you Mister President
Thank you for being with Ethiopia",0,0,0,0,0,"M_Farmaajo,AbiyAhmedAli",
https://twitter.com/yilkal_kefale/status/1445025779902033920,2021-10-04T13:59:27.000Z,RT @M_Farmaajo: Glad to join PM @AbiyAhmedAli &amp; the people of #Ethiopia on this historic inauguration to congratulate the PM &amp; wish the govРђд,3780,0,0,0,0,"M_Farmaajo,AbiyAhmedAli",Ethiopia
https://twitter.com/yilkal_kefale/status/1445004934827675656,2021-10-04T12:36:38.000Z,https://t.co/Fvc8bodNBa,1,0,2,0,0,,
https://twitter.com/yilkal_kefale/status/1444953175916793856,2021-10-04T09:10:57.000Z,"Congratulations to our Prime Minister @AbiyAhmedAli ! Your leadership began at a critical time &amp; the amount of transformation in our nation since has been unheard of. I wish you great success &amp; may this day mark a renewed strength, love, &amp; propelling for our nation, Ethiopia! https://t.co/3NCaB8Yy9A",1,0,3,0,0,AbiyAhmedAli,
https://twitter.com/yilkal_kefale/status/1444953067443609600,2021-10-04T09:10:31.000Z,"RT @AMMAONLINE2: рІерібрЇїрІ▓рѕф рІерЇїрІ┤рѕгрѕйріЋ рѕЮріГрѕГ рЅцрЅх ріарЇѕ-рїЅрЅБрІћ ріарЅХ ріарїѕріўрѕЂ рЅ░рѕ╗рїѕрѕГ рѕѕрѕЮріГрѕГ рЅцрЅ▒ рІФрѕхрЅ░рѕІрѕѕрЇЅрЅх рѕўрѕЇрІЋріГрЅхрЇАрЇА
 https://t.co/HZ3SxH4zgq via @@AMMAONLINE2",16,0,0,0,0,,
https://twitter.com/yilkal_kefale/status/1444924303225524224,2021-10-04T07:16:13.000Z,"рІѕріЋрІхрѕю ріЦріЋрі│ріЋ рІ░рѕх ріарѕѕрѕЁ рѕўрѕЇріФрѕЮ рІерѕхрѕФ рІўрѕўріЋ рІГрѕЂріЋрѕЇрѕЁрЇб
@AgegnehuT https://t.co/en2UIslbke",1,0,4,0,0,AgegnehuT,
https://twitter.com/yilkal_kefale/status/1444754878539120640,2021-10-03T20:02:59.000Z,"RT @AMMAONLINE2: РЮЮрІеріарІ▓рѕ▒ рѕўріЋрїЇрѕЦрЅх рЅЂрѕЇрЇЇ рїЅрІ│рІГ рЅаріарѕЏрѕФ ріГрѕЇрѕЇ рІерЅ░рІѕрѕерѕЕ ріаріФрЅБрЅбрІјрЅйріЋріЊ рІѕрїѕріќрЅ╗рЅйріЋ ріерїарѕІрЅх ріљрЇЃ рѕЏрІхрѕерїЇ ріљрІЇРЮъ рѕГріЦрѕ░ рѕўрѕЦрЅ░рІ│рІхрѕГ рІХріГрЅ░рѕГ рІГрѕЇрЅЃрѕЇ ріерЇІрѕѕ
 https://t.co/GSYj5h3mlJ viaРђд",59,0,0,0,0,,
https://twitter.com/yilkal_kefale/status/1444610985587773444,2021-10-03T10:31:13.000Z,RT @fanatelevision: #Ethiopia: Buhari to Attend Ethiopian PMРђЎs Inauguration     https://t.co/9Ajrj3inkt https://t.co/Gvt0ZDfLK5,96,0,0,0,0,fanatelevision,Ethiopia
https://twitter.com/yilkal_kefale/status/1444335845436280838,2021-10-02T16:17:54.000Z,"The stability of ­ЪЄф­ЪЄ╣ is necessary for a stable HOA. Working w/ the elected gov of ­ЪЄф­ЪЄ╣ is the only way to achieve such stability. Thus, @EUinEthiopia should stop providing diplomatic coverage for #TPLFTerroristGroup &amp; design policies to constructively collaborate with the ­ЪЄф­ЪЄ╣ gov.",1,1,2,0,0,EUinEthiopia,TPLFTerroristGroup
https://twitter.com/yilkal_kefale/status/1444335797512065031,2021-10-02T16:17:43.000Z,"Time for the @EU_Commission @Europarl_EN @EUinEthiopia to adopt a more independent tack in regard to their own security &amp; on key foreign policy issues especially #Ethiopia, #GERD, rather than always allowing America to take the lead. https://t.co/9ckWQHIdVC #HandsoffEthiopia",1,0,1,0,0,"EU_Commission,Europarl_EN,EUinEthiopia","Ethiopia,GERD,HandsoffEthiopia"
https://twitter.com/yilkal_kefale/status/1444335737634234371,2021-10-02T16:17:28.000Z,"Group of Ethiopians, their friends, and families as well as many citizens of European countries, call to governments of #Belgium, #Czechrepublic, #France, #Germany, #Ireland, #Italy, #Norway, #Spain, #Sweden, #Switzerland, #Netherlands &amp; #UnitedKingdom https://t.co/9ckWQHIdVC",0,0,1,0,0,,"Belgium,Czechrepublic,France,Germany,Ireland,Italy,Norway,Spain,Sweden,Switzerland,Netherlands,UnitedKingdom"
https://twitter.com/yilkal_kefale/status/1444333319282434053,2021-10-02T16:07:52.000Z,­ЪЄф­ЪЄ╣n government repeatedly made it clear to the world that unless international organization employees refrain from meddling in the internal affairs of the country it will take the necessary measures as per the law. Here it is!!! #HandsoffEthiopia #EthiopiaPrevails @nytimes,0,0,1,0,0,nytimes,"HandsoffEthiopia,EthiopiaPrevails"
https://twitter.com/yilkal_kefale/status/1444332955015516169,2021-10-02T16:06:25.000Z,RT @AMMAONLINE2: рІеріарѕЏрѕФ рЅЦрѕћрѕФрІі ріГрѕЇрѕІрІі рѕўріЋрїЇрѕЦрЅх рѕѕрідрѕ«рѕъ рѕЋрІЮрЅЦ рѕѕрібрѕгрЅ╗ рЅарІЊрѕЇ рІеріЦріЋрі│ріЋ ріарІ░рѕерѕ│рЅйрѕЂ рѕўрѕЇрІЋріГрЅх ріарѕхрЅ░рѕІрѕѕрЇѕрЇб https://t.co/mhvgHSMfhM via @@AMMAONLINE2,29,0,0,0,0,,
https://twitter.com/yilkal_kefale/status/1444332838313209861,2021-10-02T16:05:57.000Z,"рЅаріарѕЏрѕФ рѕІрІГ рІерЅ░рїІрѕерїарІЇріЋ рІерѕЁрѕЇрІЇріЊ ріарІ░рїІ рѕѕрѕўрѕўріерЅх рІерЅ░рїђрѕўрѕЕ рѕЂрѕЅ ріарЅђрЇЇ рЅ░рїЇрЅБрѕФрЅх рЅ░рїаріЊріГрѕерІЇ рІГрЅђрїЦрѕІрѕЅрЇб 
@AbiyAhmedAli https://t.co/Oe0cbBhHFX",0,0,0,0,0,AbiyAhmedAli,
https://twitter.com/yilkal_kefale/status/1444291900387774467,2021-10-02T13:23:17.000Z,"рЅа ріарѕИрЅБрѕфрІЇ рЅхрѕЁріљрїЇ рІѕрѕерѕФ рѕЮріГріЋрІФрЅх  ріерІІрїЇріИрѕЮрѕФ рЅ░рЇѕріЊрЅЁрѕѕрІЇ рЅБрѕЁрѕГрІ│рѕГ рІўріЋрІўрѕЇрѕЏ рЅђрЅарѕї рІерѕўрїарѕѕрІФ рїБрЅбрІФ рІерѕџрїѕріЎ рЅ░рЇѕріЊрЅЃрІ«рЅйріЋ рЅарѕЏрїЇріўрЅх рЅ░рІѕрІФрІГрЅ░ріЊрѕЇрЇб

рЅаріарѕхрЅИрі│рІГ  рІѕрІ░рЅђрІФрЅИрІЇ ріЦріЋрІ▓рѕўрѕѕрѕ▒  рЅарЅхріЕрѕерЅх ріЦріЋрѕ░рѕФрѕѕріЋ
@AbiyAhmedAli https://t.co/0BTkT5X5D2",1,2,2,0,0,AbiyAhmedAli,
https://twitter.com/yilkal_kefale/status/1444284070653988870,2021-10-02T12:52:10.000Z,"рІерѕўрїђрѕўрѕфрІФрІеріЋ рІерѕўрѕхріГ рѕхрѕФ рїЅрЅЦріЮрЅх ріарІхрѕГрїї ріљрЅарѕГрЇб
рїЇрІЎрЇІ рІерЅБрѕЁрѕГрІ│рѕГ рїёріћрѕФрѕЇ рЇЇрѕЇріГрѕ┤рЅЦрѕЇріЊ рЇІрІЇріЋрІ░рѕф рЇІрЅЦрѕфріФ ріерЅђрѕІрѕЇ ріЦрѕхріе ріерЅБрІх рЅарѕГріФрЅ│ рѕЏрѕйріќрЅй ріЦрІФрѕўрѕерЅ░ рІерѕџрїѕріЮ ріљрІЇрЇб

рІерїЇрЅЦрѕГріЊ рЅ┤ріГріќрѕјрїѓ рѕЏрѕйріќрЅй рЇБрЅхрѕФріЋрѕхрЇѕрѕГрѕўрѕ«рЅй ріЦріЊ рѕїрѕјрЅйріЋрѕЮ ріЦрІФрѕўрѕерЅ░ рІГрїѕріЏрѕЇрЇб https://t.co/olw1IEETax",1,2,3,0,0,,
https://twitter.com/yilkal_kefale/status/1444251170038558720,2021-10-02T10:41:26.000Z,"RT @SuleimanAbdell7: рѕЂрѕѕрЅ░ріЏрІЇ рѕўрѕЇрІЋріГрЅх 
@UN aid trucks (400+) hav been used to fuel war in Ethiopia. Playing games with #Ethiopia|n lives has toРђд",8828,0,0,0,0,"SuleimanAbdell7,UN",Ethiopia
https://twitter.com/yilkal_kefale/status/1444251105815302145,2021-10-02T10:41:11.000Z,RT @AMMAONLINE2: РђюрЅаріарІ▓рѕх ріарЅарЅБ рІерЅ░ріерЅарѕерІЇ рІерІўріЋрІхрѕ«рІЇ рІерібрѕгрЅ╗ рЅарІЊрѕЇ ріФрѕѕрЇЅрЅх ріарѕўрЅ│рЅх ріаріЋрЇЃрѕГ рЅарІ░рѕЏрЅЁ рѕхріљ-рѕхрѕГріарЅх рЅ░ріеріЊрІЇріЌрѕЇРђЮ рІѕрІГрІўрѕ« ріарІ│ріљрЅй ріарЅцрЅц https://t.co/v0bltlDQsa via @@AMMAONLINРђд,14,0,0,0,0,,
https://twitter.com/yilkal_kefale/status/1444237619731341315,2021-10-02T09:47:35.000Z,рѕўрѕЇріФрѕЮ рІерѕхрѕФ рІўрѕўріЋ рІѕріЋрІхрѕЮ https://t.co/5ndNOQMvv8,0,0,0,0,0,,
https://twitter.com/yilkal_kefale/status/1444207563973742593,2021-10-02T07:48:09.000Z,RT @dejene_2011: #RT: The @USAGov is known in planning &amp; executing regime change when leaders arenРђЎt their puppets. All the ongoing US atteРђд,7948,0,0,0,0,"dejene_2011,USAGov",RT
https://twitter.com/yilkal_kefale/status/1444207522823516164,2021-10-02T07:48:00.000Z,"RT @dejene_2011: THREE BASIC FACTS
1 #Ethiopia has the diplomatic right to expel expats found MEDDLING
2 The IC has to respect #­ЪЄф­ЪЄ╣'s #soverРђд",5606,0,0,0,0,dejene_2011,Ethiopia
https://twitter.com/yilkal_kefale/status/1444030427388387328,2021-10-01T20:04:17.000Z,"The TPLF warlords, in a recent press conference held in Mekelle, have declared their resolve to continue fighting unashamedly calling on the people of Tigray to continue paying sacrifices for their pointless war &amp; mocking efforts for peacemaking. https://t.co/uoCgo6w78Q",0,0,0,0,0,,
https://twitter.com/yilkal_kefale/status/1444030309217996805,2021-10-01T20:03:49.000Z,"RT @AdanechAbiebie: рІЏрѕг рІерібрѕгрЅ╗ рІерѕ░рѕІрѕЮ рЇјрѕерѕЮ ріаріФрѕѓрІ░ріЊрѕЇрЇб 
рібрѕгрЅ╗ рІерЇЇрЅЁрѕГріЊ рІерѕ░рѕІрѕЮ рЅарІЊрѕЇ ріљрІЇрЇц рІѕріЋрІхрѕЏрѕЏрЅйріљрЅхріЋрЇБ рѕЋрЅЦрѕерЅЦрѕћрѕФрІіріљрЅхріЋ рЅарѕЏрїаріЊріерѕГрѕЮ рЅЂрѕЇрЇЇ рѕџріЊ ріарѕѕрІЇрЇб рЅаріа/ріа рІерѕџріерЅарѕерІЇ рІерѕєрѕФ рЇіріЋрЇіріћ рЅарІЊрѕЇ рѕѕріерЅ░Рђд",100,0,0,0,0,AdanechAbiebie,
https://twitter.com/yilkal_kefale/status/1444028211134963715,2021-10-01T19:55:28.000Z,"RT @GissaAbba: ­ЪЄф­ЪЄ╣Ethiopia justifies expulsion of 7 @UN staffs 1.diverted humanitarian assistance to #TPLF
2.violated security arrangementsРђд",1094,0,0,0,0,UN,TPLF
https://twitter.com/yilkal_kefale/status/1444027539199037441,2021-10-01T19:52:48.000Z,"#Baga_Ayaana_irreecha_Naga_Gessani  
Oromo Thanksgiving 2014
Happy irreecha festival
@AbiyAhmedAli 
@AdanechAbiebie 
@TakeleUma 
@ShimelisAbdisa 
@BerhanuTsegaye",0,0,0,0,0,"AbiyAhmedAli,AdanechAbiebie,TakeleUma,ShimelisAbdisa,BerhanuTsegaye",Baga_Ayaana_irreecha_Naga_Gessani
https://twitter.com/yilkal_kefale/status/1443985390898196481,2021-10-01T17:05:19.000Z,­ЪЄф­ЪЄ╣ is a sovereign country and its government needs the goodwill of no country┬а or international organization to┬а protect the sovereignty┬а and territorial integrity of the country #HandsoffEthiopia #EthiopiaPrevails @SecBlinken @StateDept @BBCРђд,1,0,2,0,0,"SecBlinken,StateDept,BBC","HandsoffEthiopia,EthiopiaPrevails"
https://twitter.com/yilkal_kefale/status/1443984868082339840,2021-10-01T17:03:15.000Z,"Was this shocking to @antonioguterres two years ago!? was there an international outcry that could match to the current one on Ethiopia? 
@UNEthiopia @USAID @unicefchief @RussiaUN @BBCAfrica @Chinamission2un @AUC_MoussaFaki @EUtoAU #EthiopiaPrevails #HandsoffEthiopia https://t.co/Vjg8seGLpi",0,0,0,0,0,"antonioguterres,UNEthiopia,USAID,unicefchief,RussiaUN,BBCAfrica,Chinamission2un,AUC_MoussaFaki,EUtoAU","EthiopiaPrevails,HandsoffEthiopia"
https://twitter.com/yilkal_kefale/status/1443984695230963722,2021-10-01T17:02:33.000Z,RT @GissaAbba: .@mfaethiopia Press Release  01 October 2021. https://t.co/fG0MxuH1Uv,811,0,0,0,0,mfaethiopia,
https://twitter.com/yilkal_kefale/status/1443984448366780417,2021-10-01T17:01:35.000Z,RT @fanatelevision: #Ethiopia: #Irrecha is a festival of resilience and transformation towards brighter future: PM Abiy https://t.co/lJv7klРђд,49,0,0,0,0,fanatelevision,"Ethiopia,Irrecha"
https://twitter.com/yilkal_kefale/status/1443965253642067988,2021-10-01T15:45:18.000Z,RT @AbiyAhmedAli: https://t.co/zJN7jpBEeI,2477,0,0,0,0,AbiyAhmedAli,
https://twitter.com/yilkal_kefale/status/1443874790293622801,2021-10-01T09:45:50.000Z,RT @TakeleUma: рЅарІЏрѕгрІЇ рІЋрѕѕрЅх рѕЁрІЮрЅБрЅйрѕЂріЋ рѕѕрѕЏрїѕрѕЇрїѕрѕЇ рѕЃрѕІрЇіріљрЅх рІерЅ░рѕеріерЅБрЅйрѕЂ рІеріГрѕЇрѕЇ ріЦрѕГрІЋрѕ░ рѕўрѕхрЅ░рІ│рІ░рѕ«рЅ╗рЅйріЋ рѕўрѕЇріФрѕЮ рІерѕхрѕФ ріЦріЊ рІерѕхрігрЅх рІўрѕўріЋ ріЦріЋрІ▓рѕєріЋрѕІрЅйрѕЂ ріЦрѕўріЏрѕѕрІЇрЇб https://t.co/rdPVE92fDD,212,0,0,0,0,TakeleUma,
https://twitter.com/yilkal_kefale/status/1443874722098434058,2021-10-01T09:45:34.000Z,"A better democracy is a democracy where women do not only have a right to vote but to be elected, that's is what Prosperity changed into reality, equal cabinet#ResilientlyOnWards #EthiopiaPrevails @BBC @WhiteHouse @guardian @RT_com @AUC_MoussaFaki 
@CNN",0,0,0,0,0,"BBC,WhiteHouse,guardian,RT_com,AUC_MoussaFaki,CNN",EthiopiaPrevails
https://twitter.com/yilkal_kefale/status/1443874509086511145,2021-10-01T09:44:43.000Z,"RT @Zemedeneh: World's Top 100 Airlines, 2021, as voted by 13.4 million people via @skytrax_uk:

&gt; Ethiopian Airlines 37th in the world. OuРђд",228,0,0,0,0,"Zemedeneh,skytrax_uk",
https://twitter.com/yilkal_kefale/status/1443874482708533261,2021-10-01T09:44:37.000Z,https://t.co/Vnrr6xwzGO,0,0,0,0,0,,
https://twitter.com/yilkal_kefale/status/1443874358464860169,2021-10-01T09:44:07.000Z,@HermelaTV рЅ░рЅБрѕеріф рІЇрІх ріЦрѕЁрЅ┤ рѕЇріГ рѕѕріЕріЋ ріЋрїѕрѕфрѕЇріЮ,0,0,0,0,0,HermelaTV,
https://twitter.com/yilkal_kefale/status/1443874225027272735,2021-10-01T09:43:35.000Z,RT @HermelaTV: Humanitarian? UN aid trucks (400+) have been suspected of being used to fuel war in Ethiopia. Unaccounted for 2 months - durРђд,2368,0,0,0,0,HermelaTV,
https://twitter.com/yilkal_kefale/status/1443618003623497728,2021-09-30T16:45:27.000Z,RT @lia_tadesse: рЅарЅхрѕІріЋрЅхріЊрІЇ ріЦріЊ рЅарІЏрѕгрІЇ ріЦрѕѕрЅх рІеріерЅ░рѕЏ ріарѕхрЅ░рІ│рІ░рѕГ ріЦріЋрІ▓рѕЂрѕЮ рІеріГрѕЇрѕЇ рѕЮріГрѕГ рЅцрЅх рѕўріЋрїЇрѕхрЅх рѕЮрѕхрѕерЅ│ рЅБріФрѕёрІ▒рЅх рІерІхрѕгрІ│рІІ ріерЅ░рѕЏ ріарѕхрЅ░рІ│рІ░рѕГ рЇБ рІеріарѕЏрѕФрЇБ рІерїІрѕЮрЅцрѕІрЇБ рІерѕ▓рІ│рѕЏ  ріЦріЊ рІеріарЇІрѕГ ріГрѕЇрѕЇ рѕўріЋрїЇрѕхрЅ│Рђд,60,0,0,0,0,lia_tadesse,
https://twitter.com/yilkal_kefale/status/1443604775573114887,2021-09-30T15:52:54.000Z,https://t.co/X7eGgfFEvg,0,0,0,0,0,,
https://twitter.com/yilkal_kefale/status/1443604546014564354,2021-09-30T15:51:59.000Z,https://t.co/SeQsYDP42R,0,0,0,0,0,,
https://twitter.com/yilkal_kefale/status/1443604485956423686,2021-09-30T15:51:44.000Z,https://t.co/zVe78qHmZE,0,1,0,0,0,,
https://twitter.com/yilkal_kefale/status/1443603820412641280,2021-09-30T15:49:06.000Z,https://t.co/4OzeBOfPnS,0,0,0,0,0,,
https://twitter.com/yilkal_kefale/status/1443602624499101697,2021-09-30T15:44:21.000Z,рѕўрѕЇріФрѕЮ рІерѕхрѕФ рІўрѕўріЋ рІГрѕЂріЋрѕЇрѕЁ https://t.co/Jg6KuKPunV,0,0,0,0,0,,
https://twitter.com/yilkal_kefale/status/1443601662690615298,2021-09-30T15:40:31.000Z,RT @AbiyAhmedAli: https://t.co/sUe55IlfOi,2714,0,0,0,0,AbiyAhmedAli,
https://twitter.com/yilkal_kefale/status/1443591296203911181,2021-09-30T14:59:20.000Z,"RT @AMMAONLINE2: рІХріГрЅ░рѕГ рІГрѕЇрЅЃрѕЇ ріерЇІрѕѕ рІеріарѕЏрѕФ ріГрѕЇрѕЇ рѕГріЦрѕ░ рѕўрѕЦрЅ░рІ│рІхрѕГ рѕєріљрІЇ рѕўрѕўрѕерїБрЅИрІЇ ріЦріЊ рѕїрѕјрЅй рІюріЊрІјрЅйріЋ ріаріФрЅ░ріЊрѕЇрЇАрЇА 
https://t.co/2f0Na8yKgX via @YouTube",12,0,0,0,0,YouTube,
https://twitter.com/yilkal_kefale/status/1443590055063265292,2021-09-30T14:54:24.000Z,"рІЏрѕг рІерЅ░рѕўрѕ░рѕерЅ░рІЇ рІеріарѕЏрѕФ ріГрѕЇрѕЇ рѕўріЋрїЇрѕхрЅх  рЅЁрІхрѕџрІФ рЅхріЕрѕерЅ▒ рЅаріГрѕЇрѕЅ ріЦрІерЅ░ріФрѕёрІ░ рІФрѕѕрІЇріЋ рІЇрїірІФ ріЦрїѓрїЇ рЅаріарїарѕе рїірІю рЅарІхрѕЇ рѕЏрїаріЊрЅђрЅЁ ріЦріЊ рѕ░рѕІрѕЮ рѕЏрѕхрЇѕріЋ ріљрІЇрЇб
@AbiyAhmedAli",0,0,0,0,0,AbiyAhmedAli,
https://twitter.com/yilkal_kefale/status/1443589126746374147,2021-09-30T14:50:43.000Z,"рІеріарѕЏрѕФ рѕЁрІЮрЅЦ рЅарЅ░рІѕрѕерѕерЅарЅхрЇБрЅарЅ░рЇѕріЊрЅђрѕѕрЅарЅхрЇБрЅарЅ░рѕФрЅарЅарЅхрЇБріЦрІерЅ░рїѕрІ░рѕѕ рЅБрЅарЅх  рЅарІџ ріГрЇЅ рїірІю рѕўрѕЙрѕю рЅбрІФрѕ│рІЮріљріЮрѕЮ рѕЁрІЮрЅцріЋ ріљрЇЃ рѕѕрѕЏрІЇрїБрЅх рїаріЋріГрѕг ріЦрѕ░рѕФрѕѕрІЇрЇб
рІѕрѕФрѕфрІЇріЋрЇБ рІўрѕФрЇірІЇріЋ рЅЦрІ▒ріЋ ріаріерѕГріФрѕфрІЇріЋ рѕѕрѕўрѕхрЅарѕГ ріЦрѕ░рѕФрѕѕрІЇрЇб 
рІхрѕЇ рѕѕ рїГрЅЂріЉ ріарѕЏрѕФ рѕЁрІЮрЅЦрЇб",0,0,0,0,0,,
https://twitter.com/yilkal_kefale/status/1443584002749714441,2021-09-30T14:30:21.000Z,"рЅарЇђріЊ ріаріЋрІхріљрЅх рѕЂрѕІрЅйріЋрѕЮ рІерЅ░рїБрѕѕрЅЦріЋріЋ ріЃрѕІрЇіріљрЅх рЅ░рІ░рѕЮрѕеріЋ рІерібрЅхрІ«рїхрІФріЋ рЅхріЋрѕ│ріц  ріЦрІЇріЋ ріЦріЊрІ░рѕГрїІрѕѕріЋ 
@AbiyAhmedAli",0,0,0,0,0,AbiyAhmedAli,
https://twitter.com/yilkal_kefale/status/1443583225545199631,2021-09-30T14:27:16.000Z,https://t.co/vPlifWmdtM,0,0,0,0,0,,
https://twitter.com/yilkal_kefale/status/1443583127905968141,2021-09-30T14:26:52.000Z,RT @AMMAONLINE2: РЮЮрЅаріГрѕЇрѕЅ рІерЅ░рѕ░рїаріЮріЋ ріерЅБрІх ріђрѕІрЇіріљрЅх ріЦріЋрІхрІѕрїБ ріерїјріћ рѕєріЊрЅйрѕЂ рѕІрїѕрІЏрЅйрѕЂріЮ рѕ│рїарЇІ рѕѕріљрЅђрЇІрЅйрѕЂріЮ рѕЂрѕЅ рѕЮрѕхрїІріЊрІеріЋ ріарЅђрѕГрЅБрѕѕрѕЂРЮъ рІерЅђрІхрѕърІЇ рІеріарѕЏрѕФ ріГрѕЇрѕЇ рѕГріЦрѕ░ рѕўрѕЦрЅ░рІ│рІхрѕГ ріарїѕріўрѕЂ рЅ░рѕ╗рїѕрѕГ https://t.cРђд,36,0,0,0,0,,
https://twitter.com/yilkal_kefale/status/1443581734545596425,2021-09-30T14:21:20.000Z,https://t.co/oxcsk1a0R2,0,0,0,0,0,,
https://twitter.com/yilkal_kefale/status/1443581698172538893,2021-09-30T14:21:11.000Z,RT @fanatelevision: #Ethiopia: Amhara Regional State Reorganizes Executive Organs https://t.co/iXF4HqHduH https://t.co/jisNgVYMZ8,14,0,0,0,0,fanatelevision,Ethiopia
https://twitter.com/yilkal_kefale/status/1443581656414109696,2021-09-30T14:21:01.000Z,https://t.co/kLf5CR6M3q,0,0,0,0,0,,
https://twitter.com/yilkal_kefale/status/1443581590790017044,2021-09-30T14:20:46.000Z,https://t.co/fWQHiqNcz8,0,0,0,0,0,,
https://twitter.com/yilkal_kefale/status/1443581532648534026,2021-09-30T14:20:32.000Z,RT @fanatelevision: #Ethiopia: Amhara State Council Elects Yilkal Kefale President of the Region https://t.co/ntT1YVQWe4 https://t.co/j6U0rРђд,30,0,0,0,0,fanatelevision,Ethiopia
